ST,INSTRUMENT_ID,ANSWER_ID,ESTIMATE_PERCENTAGE,SE
-,1,1,0.461,  0.36
-,1,2,0.415,  0.40
-,1,3,0.096,  0.28
-,1,4,0.019,  0.10
-,1,5,0.008,  0.08
-,2,1,0.113,  0.18
-,2,2,0.624,  0.35
-,2,3,0.262,  0.32
-,3,1,0.183,  0.15
-,3,2,0.117,  0.28
-,3,3,0.099,  0.15
-,3,4,0.167,  0.29
-,3,5,0.158,  0.27
-,3,6,0.076,  0.23
-,3,7,0.028,  0.10
-,3,8,0.025,  0.14
-,3,9,0.016,  0.07
-,3,10,0.131,  0.25
-,4,1,0.335,  0.27
-,4,2,0.665,  0.27
-,5,1,0.079,  0.14
-,5,2,0.184,  0.31
-,5,3,0.737,  0.39
-,6,1,0.103,  0.21
-,6,2,0.366,  0.20
-,6,3,0.531,  0.31
-,7,1,0.417,  0.40
-,7,2,0.583,  0.40
-,8,1,0.066,  0.14
-,8,2,0.934,  0.14
-,9,1,0.140,  0.30
-,9,2,0.860,  0.30
-,10,1,0.073,  0.16
-,10,2,0.113,  0.25
-,10,3,0.179,  0.29
-,10,4,0.277,  0.38
-,10,5,0.184,  0.35
-,10,6,0.050,  0.09
-,10,7,0.123,  0.17
-,11,1,0.100,  0.21
-,11,2,0.900,  0.21
-,12,1,0.205,  0.16
-,12,2,0.795,  0.16
-,13,1,0.746,  0.23
-,13,2,0.280,  0.28
-,13,3,0.099,  0.21
-,13,4,0.020,  0.09
-,13,5,0.044,  0.16
-,13,6,0.076,  0.20
-,13,7,0.110,  0.24
-,13,8,0.041,  0.18
-,13,9,0.033,  0.15
-,13,10,0.179,  0.31
-,14,1,0.667,  0.28
-,14,2,0.154,  0.29
-,14,3,0.051,  0.19
-,14,4,0.022,  0.11
-,14,5,0.282,  0.30
-,15,1,0.041,  0.12
-,15,2,0.197,  0.20
-,15,3,0.262,  0.32
-,15,4,0.351,  0.32
-,15,5,0.065,  0.14
-,15,6,0.083,  0.27
AK,1,1,0.525,  4.49
AK,1,2,0.385,  4.16
AK,2,2,0.691,  4.17
AK,2,3,0.226,  4.21
AK,3,1,0.313,  4.51
AK,3,2,0.110,  2.46
AK,3,3,0.159,  3.55
AK,3,4,0.154,  2.99
AK,3,10,0.100,  3.25
AK,4,1,0.332,  5.04
AK,4,2,0.668,  5.04
AK,5,1,0.112,  4.79
AK,5,2,0.235,  6.16
AK,5,3,0.654,  7.60
AK,6,1,0.100,  2.48
AK,6,2,0.478,  5.10
AK,6,3,0.423,  5.81
AK,7,1,0.443,  5.90
AK,7,2,0.557,  5.90
AK,8,2,0.951,  1.86
AK,9,1,0.102,  2.99
AK,9,2,0.898,  2.99
AK,10,3,0.098,  3.29
AK,10,4,0.283,  4.80
AK,10,5,0.252,  4.41
AK,10,7,0.110,  2.64
AK,11,2,0.939,  2.28
AK,12,1,0.121,  2.57
AK,12,2,0.879,  2.57
AK,13,1,0.740,  4.90
AK,13,2,0.285,  4.55
AK,13,6,0.104,  2.74
AK,13,7,0.095,  3.55
AK,13,10,0.204,  4.01
AK,14,1,0.690,  5.14
AK,14,2,0.105,  1.86
AK,14,5,0.293,  5.19
AK,15,2,0.131,  2.50
AK,15,3,0.212,  4.05
AK,15,4,0.432,  1.78
AK,15,6,0.093,  3.62
AL,1,1,0.349,  3.13
AL,1,2,0.499,  2.68
AL,1,3,0.117,  2.24
AL,2,1,0.158,  2.28
AL,2,2,0.536,  3.95
AL,2,3,0.306,  3.79
AL,3,1,0.100,  2.64
AL,3,2,0.120,  2.46
AL,3,3,0.085,  2.06
AL,3,4,0.207,  2.18
AL,3,5,0.184,  3.45
AL,3,6,0.103,  1.31
AL,3,10,0.148,  2.39
AL,4,1,0.270,  2.51
AL,4,2,0.730,  2.51
AL,5,1,0.080,  2.33
AL,5,2,0.140,  1.78
AL,5,3,0.781,  2.81
AL,6,1,0.130,  2.25
AL,6,2,0.314,  3.47
AL,6,3,0.556,  4.93
AL,7,1,0.407,  1.50
AL,7,2,0.593,  1.50
AL,8,2,0.974,  0.48
AL,9,1,0.189,  2.20
AL,9,2,0.811,  2.20
AL,10,1,0.163,  1.75
AL,10,2,0.101,  2.72
AL,10,3,0.200,  3.43
AL,10,4,0.239,  3.85
AL,10,5,0.115,  2.29
AL,10,7,0.148,  1.90
AL,11,1,0.067,  1.89
AL,11,2,0.933,  1.89
AL,12,1,0.145,  3.15
AL,12,2,0.855,  3.15
AL,13,1,0.848,  2.39
AL,13,2,0.247,  2.15
AL,13,3,0.131,  2.49
AL,13,6,0.054,  1.90
AL,13,7,0.083,  2.15
AL,13,10,0.104,  2.10
AL,14,1,0.767,  2.57
AL,14,2,0.126,  2.13
AL,14,3,0.068,  1.74
AL,14,5,0.190,  2.00
AL,15,1,0.069,  0.87
AL,15,2,0.326,  4.53
AL,15,3,0.230,  3.54
AL,15,4,0.253,  3.88
AL,15,5,0.042,  1.68
AL,15,6,0.080,  1.93
AR,1,1,0.324,  4.65
AR,1,2,0.453,  4.23
AR,1,3,0.187,  1.96
AR,2,1,0.109,  2.43
AR,2,2,0.572,  4.87
AR,2,3,0.320,  3.95
AR,3,1,0.084,  3.32
AR,3,2,0.105,  4.05
AR,3,3,0.137,  3.64
AR,3,4,0.193,  5.06
AR,3,5,0.166,  4.14
AR,3,6,0.068,  2.84
AR,3,10,0.186,  5.29
AR,4,1,0.156,  3.84
AR,4,2,0.844,  3.84
AR,5,2,0.174,  5.45
AR,5,3,0.778,  5.23
AR,6,1,0.077,  3.08
AR,6,2,0.309,  4.76
AR,6,3,0.613,  5.12
AR,7,1,0.414,  4.33
AR,7,2,0.586,  4.33
AR,8,2,0.977,  1.00
AR,9,1,0.210,  7.27
AR,9,2,0.790,  7.27
AR,10,1,0.131,  4.02
AR,10,2,0.140,  2.32
AR,10,3,0.120,  1.59
AR,10,4,0.266,  3.78
AR,10,5,0.170,  3.88
AR,10,7,0.125,  3.06
AR,11,1,0.132,  3.17
AR,11,2,0.868,  3.17
AR,12,1,0.110,  2.17
AR,12,2,0.890,  2.17
AR,13,1,0.693,  5.67
AR,13,2,0.238,  2.85
AR,13,3,0.144,  1.46
AR,13,5,0.159,  2.83
AR,13,6,0.095,  3.00
AR,13,7,0.065,  2.08
AR,13,10,0.218,  3.38
AR,14,1,0.643,  4.36
AR,14,2,0.107,  2.26
AR,14,3,0.085,  2.14
AR,14,5,0.320,  4.43
AR,15,1,0.067,  2.36
AR,15,2,0.261,  3.15
AR,15,3,0.189,  4.14
AR,15,4,0.327,  4.41
AR,15,6,0.137,  1.66
AZ,1,1,0.376,  2.76
AZ,1,2,0.425,  2.66
AZ,1,3,0.170,  1.99
AZ,1,4,0.023,  0.71
AZ,2,1,0.119,  1.77
AZ,2,2,0.558,  2.08
AZ,2,3,0.323,  1.16
AZ,3,1,0.146,  1.26
AZ,3,2,0.130,  1.57
AZ,3,3,0.111,  1.36
AZ,3,4,0.155,  1.26
AZ,3,5,0.184,  1.92
AZ,3,6,0.097,  1.19
AZ,3,7,0.040,  0.79
AZ,3,8,0.023,  0.73
AZ,3,10,0.109,  1.91
AZ,4,1,0.258,  1.34
AZ,4,2,0.742,  1.34
AZ,5,1,0.060,  0.89
AZ,5,2,0.149,  1.73
AZ,5,3,0.791,  1.59
AZ,6,1,0.120,  1.96
AZ,6,2,0.327,  1.14
AZ,6,3,0.553,  1.64
AZ,7,1,0.374,  1.64
AZ,7,2,0.626,  1.64
AZ,8,1,0.047,  0.61
AZ,8,2,0.953,  0.61
AZ,9,1,0.097,  1.02
AZ,9,2,0.903,  1.02
AZ,10,1,0.070,  1.36
AZ,10,2,0.128,  2.02
AZ,10,3,0.206,  3.29
AZ,10,4,0.270,  2.53
AZ,10,5,0.166,  2.11
AZ,10,6,0.048,  1.27
AZ,10,7,0.112,  2.02
AZ,11,1,0.072,  0.84
AZ,11,2,0.928,  0.84
AZ,12,1,0.179,  1.76
AZ,12,2,0.821,  1.76
AZ,13,1,0.721,  1.59
AZ,13,2,0.303,  1.06
AZ,13,3,0.069,  1.32
AZ,13,6,0.041,  0.68
AZ,13,7,0.110,  1.20
AZ,13,8,0.029,  0.56
AZ,13,9,0.041,  0.90
AZ,13,10,0.233,  1.52
AZ,14,1,0.648,  1.83
AZ,14,2,0.186,  1.02
AZ,14,3,0.041,  0.84
AZ,14,5,0.318,  2.13
AZ,15,1,0.051,  0.97
AZ,15,2,0.209,  1.72
AZ,15,3,0.269,  2.25
AZ,15,4,0.296,  2.12
AZ,15,5,0.050,  0.98
AZ,15,6,0.125,  1.34
CA,1,1,0.490,  0.64
CA,1,2,0.396,  0.61
CA,1,3,0.087,  0.66
CA,1,4,0.018,  0.45
CA,1,5,0.009,  0.26
CA,2,1,0.101,  0.63
CA,2,2,0.654,  1.11
CA,2,3,0.245,  0.76
CA,3,1,0.223,  0.94
CA,3,2,0.099,  0.55
CA,3,3,0.084,  0.52
CA,3,4,0.156,  0.62
CA,3,5,0.148,  0.36
CA,3,6,0.075,  0.48
CA,3,7,0.026,  0.18
CA,3,8,0.024,  0.36
CA,3,9,0.019,  0.23
CA,3,10,0.147,  0.99
CA,4,1,0.409,  0.96
CA,4,2,0.591,  0.96
CA,5,1,0.071,  0.61
CA,5,2,0.242,  1.21
CA,5,3,0.687,  0.89
CA,6,1,0.095,  0.53
CA,6,2,0.406,  1.36
CA,6,3,0.499,  1.45
CA,7,1,0.419,  1.40
CA,7,2,0.581,  1.40
CA,8,1,0.075,  0.53
CA,8,2,0.925,  0.53
CA,9,1,0.144,  0.53
CA,9,2,0.856,  0.53
CA,10,1,0.062,  0.57
CA,10,2,0.104,  0.71
CA,10,3,0.156,  1.10
CA,10,4,0.284,  0.95
CA,10,5,0.208,  1.23
CA,10,6,0.062,  0.35
CA,10,7,0.125,  0.90
CA,11,1,0.111,  0.62
CA,11,2,0.889,  0.62
CA,12,1,0.242,  0.55
CA,12,2,0.758,  0.55
CA,13,1,0.728,  0.94
CA,13,2,0.330,  0.82
CA,13,3,0.106,  0.82
CA,13,4,0.020,  0.17
CA,13,5,0.032,  0.27
CA,13,6,0.073,  0.41
CA,13,7,0.112,  0.47
CA,13,8,0.055,  0.44
CA,13,9,0.039,  0.49
CA,13,10,0.190,  1.02
CA,14,1,0.617,  1.16
CA,14,2,0.171,  0.92
CA,14,3,0.053,  0.34
CA,14,4,0.016,  0.27
CA,14,5,0.327,  1.44
CA,15,1,0.036,  0.27
CA,15,2,0.180,  0.62
CA,15,3,0.252,  0.65
CA,15,4,0.385,  0.77
CA,15,5,0.077,  0.45
CA,15,6,0.070,  0.69
CO,1,1,0.385,  1.50
CO,1,2,0.485,  1.91
CO,1,3,0.095,  0.97
CO,1,4,0.024,  0.32
CO,2,1,0.139,  1.80
CO,2,2,0.549,  1.10
CO,2,3,0.312,  1.75
CO,3,1,0.177,  1.16
CO,3,2,0.117,  1.23
CO,3,3,0.110,  0.93
CO,3,4,0.186,  2.07
CO,3,5,0.141,  0.89
CO,3,6,0.105,  0.96
CO,3,7,0.016,  0.57
CO,3,8,0.023,  0.84
CO,3,9,0.021,  0.59
CO,3,10,0.104,  1.12
CO,4,1,0.286,  2.13
CO,4,2,0.714,  2.13
CO,5,1,0.083,  1.39
CO,5,2,0.155,  0.89
CO,5,3,0.763,  1.86
CO,6,1,0.111,  0.87
CO,6,2,0.326,  1.64
CO,6,3,0.562,  1.94
CO,7,1,0.403,  2.08
CO,7,2,0.597,  2.08
CO,8,1,0.065,  0.80
CO,8,2,0.935,  0.80
CO,9,1,0.110,  1.18
CO,9,2,0.890,  1.18
CO,10,1,0.062,  0.96
CO,10,2,0.118,  1.16
CO,10,3,0.154,  1.56
CO,10,4,0.349,  2.21
CO,10,5,0.195,  1.38
CO,10,6,0.043,  1.16
CO,10,7,0.077,  1.01
CO,11,1,0.083,  0.96
CO,11,2,0.917,  0.96
CO,12,1,0.163,  1.32
CO,12,2,0.837,  1.32
CO,13,1,0.691,  1.45
CO,13,2,0.261,  2.30
CO,13,3,0.086,  1.10
CO,13,4,0.019,  0.51
CO,13,5,0.053,  1.07
CO,13,6,0.062,  0.85
CO,13,7,0.109,  0.85
CO,13,8,0.046,  0.90
CO,13,9,0.027,  0.71
CO,13,10,0.229,  1.41
CO,14,1,0.639,  0.80
CO,14,2,0.152,  1.43
CO,14,3,0.048,  0.82
CO,14,4,0.025,  0.85
CO,14,5,0.305,  1.33
CO,15,1,0.044,  0.81
CO,15,2,0.193,  2.01
CO,15,3,0.229,  2.14
CO,15,4,0.351,  1.76
CO,15,5,0.075,  0.87
CO,15,6,0.108,  0.80
CT,1,1,0.525,  1.82
CT,1,2,0.379,  2.60
CT,1,3,0.079,  1.44
CT,2,1,0.050,  1.00
CT,2,2,0.638,  3.69
CT,2,3,0.312,  3.48
CT,3,1,0.224,  1.87
CT,3,2,0.126,  2.28
CT,3,3,0.085,  1.65
CT,3,4,0.147,  1.56
CT,3,5,0.155,  2.57
CT,3,6,0.069,  1.20
CT,3,7,0.032,  1.19
CT,3,8,0.020,  0.51
CT,3,10,0.132,  1.91
CT,4,1,0.387,  2.14
CT,4,2,0.613,  2.14
CT,5,1,0.062,  1.16
CT,5,2,0.192,  2.12
CT,5,3,0.746,  1.82
CT,6,1,0.081,  1.40
CT,6,2,0.381,  2.78
CT,6,3,0.538,  2.41
CT,7,1,0.402,  3.36
CT,7,2,0.598,  3.36
CT,8,1,0.072,  1.90
CT,8,2,0.928,  1.90
CT,9,1,0.147,  1.88
CT,9,2,0.853,  1.88
CT,10,1,0.098,  2.24
CT,10,2,0.086,  1.84
CT,10,3,0.160,  3.12
CT,10,4,0.289,  2.07
CT,10,5,0.187,  2.76
CT,10,6,0.061,  1.27
CT,10,7,0.118,  1.84
CT,11,1,0.096,  2.10
CT,11,2,0.904,  2.10
CT,12,1,0.277,  3.20
CT,12,2,0.723,  3.20
CT,13,1,0.747,  3.13
CT,13,2,0.241,  2.33
CT,13,3,0.113,  2.18
CT,13,4,0.029,  1.15
CT,13,5,0.066,  1.61
CT,13,6,0.045,  1.24
CT,13,7,0.110,  2.28
CT,13,8,0.042,  1.09
CT,13,9,0.051,  1.51
CT,13,10,0.165,  1.65
CT,14,1,0.676,  3.17
CT,14,2,0.141,  2.19
CT,14,3,0.052,  1.38
CT,14,5,0.262,  2.56
CT,15,2,0.128,  2.09
CT,15,3,0.308,  3.34
CT,15,4,0.391,  3.39
CT,15,5,0.095,  1.90
CT,15,6,0.058,  1.18
DC,1,1,0.543,  5.14
DC,1,2,0.336,  4.33
DC,2,2,0.650,  7.19
DC,2,3,0.312,  5.71
DC,3,1,0.300,  5.67
DC,3,4,0.168,  3.11
DC,3,10,0.159,  3.35
DC,4,1,0.452,  8.50
DC,4,2,0.548,  8.50
DC,5,2,0.195,  5.42
DC,5,3,0.771,  4.76
DC,6,2,0.365,  6.73
DC,6,3,0.563,  7.03
DC,7,1,0.366,  8.11
DC,7,2,0.634,  8.11
DC,8,1,0.123,  3.52
DC,8,2,0.877,  3.52
DC,9,2,0.962,  2.06
DC,10,4,0.262,  2.45
DC,10,5,0.282,  3.49
DC,10,7,0.126,  4.21
DC,11,2,0.906,  3.01
DC,12,1,0.344,  3.80
DC,12,2,0.656,  3.80
DC,13,1,0.758,  3.78
DC,13,2,0.310,  3.72
DC,13,5,0.230,  4.03
DC,13,7,0.135,  3.10
DC,13,10,0.183,  3.63
DC,14,1,0.596,  6.75
DC,14,2,0.168,  3.12
DC,14,5,0.338,  5.18
DC,15,2,0.164,  5.25
DC,15,3,0.211,  2.66
DC,15,4,0.444,  4.40
DC,15,5,0.129,  3.28
DE,1,1,0.531,  3.43
DE,1,2,0.308,  3.76
DE,1,3,0.120,  4.05
DE,2,2,0.584,  6.66
DE,2,3,0.303,  5.75
DE,3,1,0.208,  3.48
DE,3,2,0.121,  3.77
DE,3,4,0.177,  3.11
DE,3,5,0.130,  3.40
DE,3,10,0.124,  3.73
DE,4,1,0.359,  4.68
DE,4,2,0.641,  4.68
DE,5,1,0.132,  5.32
DE,5,2,0.246,  3.92
DE,5,3,0.622,  6.00
DE,6,2,0.397,  6.76
DE,6,3,0.488,  6.90
DE,7,1,0.518,  3.60
DE,7,2,0.482,  3.60
DE,8,2,0.961,  2.12
DE,9,1,0.192,  4.05
DE,9,2,0.808,  4.05
DE,10,1,0.143,  5.34
DE,10,3,0.214,  4.54
DE,10,4,0.245,  6.58
DE,10,5,0.181,  3.63
DE,11,1,0.110,  3.08
DE,11,2,0.890,  3.08
DE,12,1,0.208,  5.21
DE,12,2,0.792,  5.21
DE,13,1,0.733,  5.11
DE,13,2,0.279,  6.20
DE,13,7,0.090,  4.16
DE,13,10,0.191,  4.36
DE,14,1,0.682,  5.92
DE,14,2,0.146,  3.37
DE,14,5,0.275,  5.78
DE,15,2,0.194,  3.60
DE,15,3,0.321,  5.43
DE,15,4,0.279,  5.33
FL,1,1,0.495,  1.67
FL,1,2,0.402,  1.31
FL,1,3,0.086,  0.73
FL,1,4,0.014,  0.49
FL,2,1,0.125,  0.87
FL,2,2,0.647,  1.23
FL,2,3,0.228,  0.92
FL,3,1,0.181,  1.19
FL,3,2,0.148,  1.33
FL,3,3,0.106,  0.93
FL,3,4,0.168,  1.47
FL,3,5,0.176,  2.38
FL,3,6,0.058,  0.81
FL,3,7,0.021,  0.46
FL,3,8,0.020,  0.25
FL,3,9,0.010,  0.25
FL,3,10,0.112,  0.85
FL,4,1,0.321,  1.41
FL,4,2,0.679,  1.41
FL,5,1,0.075,  0.54
FL,5,2,0.161,  1.39
FL,5,3,0.763,  1.34
FL,6,1,0.093,  0.93
FL,6,2,0.381,  1.72
FL,6,3,0.526,  1.64
FL,7,1,0.400,  2.32
FL,7,2,0.600,  2.32
FL,8,1,0.066,  0.75
FL,8,2,0.934,  0.75
FL,9,1,0.120,  1.14
FL,9,2,0.880,  1.14
FL,10,1,0.067,  0.63
FL,10,2,0.104,  0.61
FL,10,3,0.178,  0.91
FL,10,4,0.297,  1.21
FL,10,5,0.167,  1.00
FL,10,6,0.056,  0.65
FL,10,7,0.131,  1.13
FL,11,1,0.112,  0.92
FL,11,2,0.888,  0.92
FL,12,1,0.218,  0.91
FL,12,2,0.782,  0.91
FL,13,1,0.753,  1.40
FL,13,2,0.313,  1.84
FL,13,3,0.106,  0.94
FL,13,4,0.018,  0.42
FL,13,5,0.065,  1.04
FL,13,6,0.075,  0.65
FL,13,7,0.109,  0.68
FL,13,8,0.041,  0.46
FL,13,9,0.031,  0.72
FL,13,10,0.175,  1.51
FL,14,1,0.649,  1.47
FL,14,2,0.183,  1.44
FL,14,3,0.045,  0.58
FL,14,4,0.025,  0.27
FL,14,5,0.293,  1.55
FL,15,1,0.039,  0.70
FL,15,2,0.200,  0.89
FL,15,3,0.311,  0.90
FL,15,4,0.326,  1.46
FL,15,5,0.046,  0.71
FL,15,6,0.079,  0.75
GA,1,1,0.443,  2.42
GA,1,2,0.438,  2.23
GA,1,3,0.097,  1.08
GA,2,1,0.172,  1.73
GA,2,2,0.599,  1.88
GA,2,3,0.229,  1.50
GA,3,1,0.140,  1.25
GA,3,2,0.113,  1.81
GA,3,3,0.125,  1.39
GA,3,4,0.179,  1.59
GA,3,5,0.147,  1.36
GA,3,6,0.084,  1.44
GA,3,7,0.035,  0.72
GA,3,8,0.028,  0.93
GA,3,9,0.018,  0.74
GA,3,10,0.132,  1.64
GA,4,1,0.268,  2.49
GA,4,2,0.732,  2.49
GA,5,1,0.079,  0.64
GA,5,2,0.136,  2.05
GA,5,3,0.785,  2.14
GA,6,1,0.117,  1.23
GA,6,2,0.340,  1.54
GA,6,3,0.543,  1.59
GA,7,1,0.412,  1.61
GA,7,2,0.588,  1.61
GA,8,1,0.079,  0.88
GA,8,2,0.921,  0.88
GA,9,1,0.145,  1.57
GA,9,2,0.855,  1.57
GA,10,1,0.071,  0.87
GA,10,2,0.102,  1.27
GA,10,3,0.169,  1.25
GA,10,4,0.313,  1.62
GA,10,5,0.201,  1.80
GA,10,6,0.038,  0.95
GA,10,7,0.105,  1.54
GA,11,1,0.103,  1.41
GA,11,2,0.897,  1.41
GA,12,1,0.180,  0.98
GA,12,2,0.820,  0.98
GA,13,1,0.751,  1.86
GA,13,2,0.273,  1.57
GA,13,3,0.081,  1.27
GA,13,5,0.028,  0.49
GA,13,6,0.066,  1.18
GA,13,7,0.117,  0.94
GA,13,8,0.041,  0.75
GA,13,9,0.036,  0.91
GA,13,10,0.174,  1.91
GA,14,1,0.666,  2.11
GA,14,2,0.158,  1.10
GA,14,3,0.034,  0.82
GA,14,4,0.030,  0.56
GA,14,5,0.270,  2.48
GA,15,1,0.048,  1.04
GA,15,2,0.236,  1.22
GA,15,3,0.267,  2.15
GA,15,4,0.307,  1.76
GA,15,5,0.050,  0.85
GA,15,6,0.091,  0.93
HI,1,1,0.593,  5.73
HI,1,2,0.286,  4.05
HI,1,3,0.097,  3.86
HI,2,2,0.714,  3.18
HI,2,3,0.263,  3.44
HI,3,1,0.290,  3.36
HI,3,2,0.125,  3.42
HI,3,3,0.106,  2.76
HI,3,4,0.193,  3.06
HI,3,5,0.130,  2.01
HI,3,10,0.113,  2.80
HI,4,1,0.409,  5.64
HI,4,2,0.591,  5.64
HI,5,2,0.249,  4.36
HI,5,3,0.720,  3.69
HI,6,2,0.536,  6.73
HI,6,3,0.426,  6.43
HI,7,1,0.433,  6.10
HI,7,2,0.567,  6.10
HI,8,2,0.939,  1.60
HI,9,1,0.156,  3.99
HI,9,2,0.844,  3.99
HI,10,1,0.100,  3.11
HI,10,2,0.097,  1.36
HI,10,3,0.125,  2.22
HI,10,4,0.268,  3.78
HI,10,5,0.168,  2.85
HI,10,6,0.104,  2.64
HI,10,7,0.138,  2.60
HI,11,1,0.157,  2.60
HI,11,2,0.843,  2.60
HI,12,1,0.317,  3.35
HI,12,2,0.683,  3.35
HI,13,1,0.733,  5.68
HI,13,2,0.420,  5.68
HI,13,3,0.123,  3.19
HI,13,6,0.071,  2.55
HI,13,7,0.172,  4.10
HI,13,10,0.192,  4.62
HI,14,1,0.653,  5.55
HI,14,2,0.184,  3.35
HI,14,5,0.319,  5.28
HI,15,2,0.111,  2.24
HI,15,3,0.176,  2.85
HI,15,4,0.462,  3.26
HI,15,5,0.123,  1.94
HI,15,6,0.093,  3.10
IA,1,1,0.297,  2.77
IA,1,2,0.535,  3.09
IA,1,3,0.138,  1.38
IA,2,1,0.114,  2.10
IA,2,2,0.555,  3.27
IA,2,3,0.331,  2.65
IA,3,1,0.113,  2.88
IA,3,2,0.121,  2.67
IA,3,3,0.107,  2.27
IA,3,4,0.177,  3.33
IA,3,5,0.185,  2.18
IA,3,6,0.091,  1.33
IA,3,9,0.021,  0.67
IA,3,10,0.145,  3.00
IA,4,1,0.207,  2.12
IA,4,2,0.793,  2.12
IA,5,1,0.094,  1.90
IA,5,2,0.135,  2.18
IA,5,3,0.771,  3.88
IA,6,1,0.115,  1.97
IA,6,2,0.254,  2.75
IA,6,3,0.631,  3.59
IA,7,1,0.339,  2.06
IA,7,2,0.661,  2.06
IA,8,1,0.071,  1.15
IA,8,2,0.929,  1.15
IA,9,1,0.165,  1.72
IA,9,2,0.835,  1.72
IA,10,1,0.106,  2.67
IA,10,2,0.123,  1.84
IA,10,3,0.159,  3.06
IA,10,4,0.248,  4.03
IA,10,5,0.212,  4.99
IA,10,7,0.130,  2.06
IA,11,1,0.053,  1.77
IA,11,2,0.947,  1.77
IA,12,1,0.108,  2.04
IA,12,2,0.892,  2.04
IA,13,1,0.739,  2.37
IA,13,2,0.166,  1.07
IA,13,3,0.081,  1.99
IA,13,5,0.144,  2.29
IA,13,6,0.083,  1.86
IA,13,7,0.081,  1.83
IA,13,9,0.038,  1.58
IA,13,10,0.213,  2.20
IA,14,1,0.691,  3.34
IA,14,2,0.091,  1.67
IA,14,3,0.064,  1.83
IA,14,4,0.036,  1.11
IA,14,5,0.273,  3.32
IA,15,1,0.066,  1.57
IA,15,2,0.230,  3.53
IA,15,3,0.248,  2.86
IA,15,4,0.284,  2.30
IA,15,5,0.042,  1.60
IA,15,6,0.130,  2.84
ID,1,1,0.304,  3.28
ID,1,2,0.471,  4.61
ID,1,3,0.190,  4.88
ID,2,1,0.172,  3.39
ID,2,2,0.489,  2.55
ID,2,3,0.339,  4.58
ID,3,1,0.143,  3.12
ID,3,2,0.167,  2.47
ID,3,3,0.155,  3.56
ID,3,4,0.148,  3.79
ID,3,5,0.172,  2.44
ID,3,6,0.038,  1.45
ID,3,10,0.145,  4.04
ID,4,1,0.202,  4.29
ID,4,2,0.798,  4.29
ID,5,1,0.089,  2.03
ID,5,2,0.154,  2.62
ID,5,3,0.757,  3.11
ID,6,1,0.111,  2.28
ID,6,2,0.329,  3.57
ID,6,3,0.559,  5.20
ID,7,1,0.460,  3.46
ID,7,2,0.540,  3.46
ID,8,1,0.083,  2.21
ID,8,2,0.917,  2.21
ID,9,1,0.122,  2.55
ID,9,2,0.878,  2.55
ID,10,1,0.095,  1.87
ID,10,2,0.122,  1.32
ID,10,3,0.157,  2.11
ID,10,4,0.277,  2.90
ID,10,5,0.203,  2.82
ID,10,7,0.113,  1.71
ID,11,1,0.072,  1.68
ID,11,2,0.928,  1.68
ID,12,1,0.171,  2.83
ID,12,2,0.829,  2.83
ID,13,1,0.684,  4.88
ID,13,2,0.195,  2.40
ID,13,3,0.075,  2.10
ID,13,6,0.062,  1.83
ID,13,7,0.060,  1.78
ID,13,10,0.261,  5.07
ID,14,1,0.635,  4.16
ID,14,2,0.082,  1.58
ID,14,3,0.049,  1.42
ID,14,5,0.360,  4.36
ID,15,1,0.058,  2.00
ID,15,2,0.279,  3.32
ID,15,3,0.209,  2.95
ID,15,4,0.221,  2.39
ID,15,6,0.196,  3.70
IL,1,1,0.495,  1.67
IL,1,2,0.403,  1.32
IL,1,3,0.086,  1.11
IL,1,4,0.014,  0.43
IL,2,1,0.068,  0.90
IL,2,2,0.703,  2.21
IL,2,3,0.230,  2.15
IL,3,1,0.170,  1.59
IL,3,2,0.145,  1.48
IL,3,3,0.103,  1.22
IL,3,4,0.136,  1.40
IL,3,5,0.130,  1.25
IL,3,6,0.072,  1.54
IL,3,7,0.032,  0.53
IL,3,8,0.026,  0.67
IL,3,9,0.020,  0.39
IL,3,10,0.166,  1.48
IL,4,1,0.322,  1.59
IL,4,2,0.678,  1.59
IL,5,1,0.055,  1.05
IL,5,2,0.189,  1.53
IL,5,3,0.757,  1.95
IL,6,1,0.085,  1.43
IL,6,2,0.392,  1.37
IL,6,3,0.522,  1.48
IL,7,1,0.415,  1.43
IL,7,2,0.585,  1.43
IL,8,1,0.063,  0.56
IL,8,2,0.937,  0.56
IL,9,1,0.140,  1.20
IL,9,2,0.860,  1.20
IL,10,1,0.062,  0.55
IL,10,2,0.112,  1.24
IL,10,3,0.199,  1.36
IL,10,4,0.285,  1.37
IL,10,5,0.170,  1.67
IL,10,6,0.045,  0.74
IL,10,7,0.127,  1.31
IL,11,1,0.093,  1.35
IL,11,2,0.907,  1.35
IL,12,1,0.204,  1.34
IL,12,2,0.796,  1.34
IL,13,1,0.752,  2.33
IL,13,2,0.240,  1.98
IL,13,3,0.107,  1.55
IL,13,4,0.027,  0.44
IL,13,5,0.034,  0.53
IL,13,6,0.076,  1.10
IL,13,7,0.115,  1.23
IL,13,8,0.044,  0.55
IL,13,9,0.038,  0.76
IL,13,10,0.172,  2.10
IL,14,1,0.691,  2.70
IL,14,2,0.136,  1.36
IL,14,3,0.050,  0.71
IL,14,4,0.019,  0.51
IL,14,5,0.263,  2.38
IL,15,1,0.021,  0.44
IL,15,2,0.147,  1.16
IL,15,3,0.248,  1.23
IL,15,4,0.418,  1.32
IL,15,5,0.081,  0.69
IL,15,6,0.084,  0.93
IN,1,1,0.381,  2.06
IN,1,2,0.479,  2.15
IN,1,3,0.111,  1.68
IN,1,4,0.025,  0.89
IN,2,1,0.134,  2.19
IN,2,2,0.578,  3.18
IN,2,3,0.288,  1.95
IN,3,1,0.121,  1.27
IN,3,2,0.141,  1.61
IN,3,3,0.090,  1.16
IN,3,4,0.170,  1.88
IN,3,5,0.149,  1.65
IN,3,6,0.088,  1.17
IN,3,7,0.037,  0.75
IN,3,8,0.038,  0.99
IN,3,10,0.150,  2.42
IN,4,1,0.241,  2.12
IN,4,2,0.759,  2.12
IN,5,1,0.095,  1.43
IN,5,2,0.164,  2.20
IN,5,3,0.741,  2.82
IN,6,1,0.127,  1.93
IN,6,2,0.327,  2.97
IN,6,3,0.546,  3.13
IN,7,1,0.438,  1.76
IN,7,2,0.562,  1.76
IN,8,1,0.071,  1.63
IN,8,2,0.929,  1.63
IN,9,1,0.126,  0.67
IN,9,2,0.874,  0.67
IN,10,1,0.051,  1.12
IN,10,2,0.118,  1.34
IN,10,3,0.201,  1.21
IN,10,4,0.313,  1.79
IN,10,5,0.163,  1.56
IN,10,6,0.030,  0.97
IN,10,7,0.124,  1.51
IN,11,1,0.073,  1.09
IN,11,2,0.927,  1.09
IN,12,1,0.150,  1.96
IN,12,2,0.850,  1.96
IN,13,1,0.771,  3.31
IN,13,2,0.216,  2.15
IN,13,3,0.073,  1.38
IN,13,6,0.064,  0.91
IN,13,7,0.090,  1.32
IN,13,8,0.022,  0.66
IN,13,10,0.159,  1.92
IN,14,1,0.705,  3.67
IN,14,2,0.123,  1.88
IN,14,3,0.040,  0.93
IN,14,5,0.266,  3.11
IN,15,1,0.055,  1.07
IN,15,2,0.241,  2.29
IN,15,3,0.247,  2.63
IN,15,4,0.314,  1.67
IN,15,5,0.040,  0.68
IN,15,6,0.103,  1.82
KS,1,1,0.372,  2.05
KS,1,2,0.470,  2.92
KS,1,3,0.115,  1.18
KS,1,4,0.042,  1.44
KS,2,1,0.148,  0.90
KS,2,2,0.565,  3.22
KS,2,3,0.287,  2.86
KS,3,1,0.122,  1.04
KS,3,2,0.125,  3.04
KS,3,3,0.105,  1.96
KS,3,4,0.176,  1.64
KS,3,5,0.203,  2.50
KS,3,6,0.077,  1.56
KS,3,10,0.134,  2.08
KS,4,1,0.263,  1.92
KS,4,2,0.737,  1.92
KS,5,1,0.085,  1.57
KS,5,2,0.087,  2.42
KS,5,3,0.828,  2.66
KS,6,1,0.117,  1.75
KS,6,2,0.298,  2.77
KS,6,3,0.585,  2.99
KS,7,1,0.381,  3.15
KS,7,2,0.619,  3.15
KS,8,1,0.051,  1.54
KS,8,2,0.949,  1.54
KS,9,1,0.170,  1.84
KS,9,2,0.830,  1.84
KS,10,1,0.097,  2.22
KS,10,2,0.089,  1.11
KS,10,3,0.190,  3.45
KS,10,4,0.264,  1.69
KS,10,5,0.181,  2.93
KS,10,6,0.038,  1.40
KS,10,7,0.140,  2.19
KS,11,1,0.068,  1.82
KS,11,2,0.932,  1.82
KS,12,1,0.142,  2.20
KS,12,2,0.858,  2.20
KS,13,1,0.764,  2.32
KS,13,2,0.235,  2.12
KS,13,3,0.103,  1.57
KS,13,6,0.089,  1.44
KS,13,7,0.123,  2.62
KS,13,10,0.178,  2.36
KS,14,1,0.721,  2.50
KS,14,2,0.145,  1.01
KS,14,3,0.069,  1.27
KS,14,4,0.028,  0.75
KS,14,5,0.229,  2.82
KS,15,1,0.060,  1.81
KS,15,2,0.235,  2.74
KS,15,3,0.264,  2.21
KS,15,4,0.298,  4.04
KS,15,5,0.063,  1.73
KS,15,6,0.078,  1.97
KY,1,1,0.418,  4.79
KY,1,2,0.409,  3.96
KY,1,3,0.146,  2.69
KY,2,1,0.125,  2.78
KY,2,2,0.543,  4.18
KY,2,3,0.332,  2.22
KY,3,1,0.190,  2.68
KY,3,2,0.094,  2.17
KY,3,3,0.119,  3.34
KY,3,4,0.186,  3.04
KY,3,5,0.178,  2.61
KY,3,6,0.065,  1.67
KY,3,10,0.121,  2.51
KY,4,1,0.348,  4.00
KY,4,2,0.652,  4.00
KY,5,1,0.077,  0.86
KY,5,2,0.167,  1.46
KY,5,3,0.756,  1.78
KY,6,1,0.097,  1.44
KY,6,2,0.385,  3.01
KY,6,3,0.518,  3.22
KY,7,1,0.432,  4.71
KY,7,2,0.568,  4.71
KY,8,1,0.083,  1.96
KY,8,2,0.917,  1.96
KY,9,1,0.199,  2.01
KY,9,2,0.801,  2.01
KY,10,1,0.057,  1.79
KY,10,2,0.160,  1.64
KY,10,3,0.177,  2.93
KY,10,4,0.254,  3.41
KY,10,5,0.181,  1.72
KY,10,6,0.046,  1.49
KY,10,7,0.125,  2.67
KY,11,1,0.103,  1.71
KY,11,2,0.897,  1.71
KY,12,1,0.158,  2.64
KY,12,2,0.842,  2.64
KY,13,1,0.691,  3.33
KY,13,2,0.217,  2.37
KY,13,3,0.100,  1.66
KY,13,6,0.073,  2.32
KY,13,7,0.094,  2.20
KY,13,8,0.038,  1.26
KY,13,10,0.223,  3.79
KY,14,1,0.651,  4.13
KY,14,2,0.105,  2.47
KY,14,3,0.061,  0.93
KY,14,5,0.283,  4.60
KY,15,1,0.073,  2.11
KY,15,2,0.224,  2.44
KY,15,3,0.247,  2.45
KY,15,4,0.266,  3.12
KY,15,5,0.074,  1.34
KY,15,6,0.115,  1.80
LA,1,1,0.459,  3.22
LA,1,2,0.394,  2.70
LA,1,3,0.116,  1.76
LA,2,1,0.136,  2.37
LA,2,2,0.655,  3.14
LA,2,3,0.209,  3.11
LA,3,1,0.135,  2.40
LA,3,2,0.111,  1.62
LA,3,3,0.083,  1.23
LA,3,4,0.219,  2.40
LA,3,5,0.142,  2.08
LA,3,6,0.068,  1.13
LA,3,7,0.036,  1.31
LA,3,10,0.163,  2.03
LA,4,1,0.333,  2.55
LA,4,2,0.667,  2.55
LA,5,1,0.084,  2.42
LA,5,2,0.181,  3.33
LA,5,3,0.735,  3.91
LA,6,1,0.109,  1.92
LA,6,2,0.399,  4.38
LA,6,3,0.491,  4.69
LA,7,1,0.401,  3.03
LA,7,2,0.599,  3.03
LA,8,1,0.082,  1.54
LA,8,2,0.918,  1.54
LA,9,1,0.156,  2.20
LA,9,2,0.844,  2.20
LA,10,1,0.073,  2.06
LA,10,2,0.185,  1.75
LA,10,3,0.145,  2.43
LA,10,4,0.255,  2.62
LA,10,5,0.143,  2.20
LA,10,6,0.056,  1.33
LA,10,7,0.144,  2.46
LA,11,1,0.123,  2.34
LA,11,2,0.877,  2.34
LA,12,1,0.198,  2.69
LA,12,2,0.802,  2.69
LA,13,1,0.789,  1.76
LA,13,2,0.306,  2.32
LA,13,3,0.080,  1.17
LA,13,6,0.096,  1.82
LA,13,7,0.093,  1.08
LA,13,10,0.139,  1.37
LA,14,1,0.713,  2.21
LA,14,2,0.146,  2.38
LA,14,3,0.041,  1.19
LA,14,5,0.238,  1.52
LA,15,1,0.065,  1.93
LA,15,2,0.216,  3.03
LA,15,3,0.233,  2.61
LA,15,4,0.355,  3.96
LA,15,5,0.046,  1.25
LA,15,6,0.084,  2.22
MA,1,1,0.530,  1.73
MA,1,2,0.379,  1.86
MA,1,3,0.065,  1.31
MA,1,4,0.013,  0.55
MA,2,1,0.077,  0.99
MA,2,2,0.679,  1.83
MA,2,3,0.244,  1.48
MA,3,1,0.251,  2.34
MA,3,2,0.102,  1.57
MA,3,3,0.087,  1.56
MA,3,4,0.136,  1.78
MA,3,5,0.156,  1.06
MA,3,6,0.073,  1.01
MA,3,7,0.022,  0.65
MA,3,8,0.032,  0.76
MA,3,9,0.014,  0.51
MA,3,10,0.127,  1.88
MA,4,1,0.415,  2.56
MA,4,2,0.585,  2.56
MA,5,1,0.072,  1.17
MA,5,2,0.249,  1.64
MA,5,3,0.679,  2.35
MA,6,1,0.069,  1.04
MA,6,2,0.416,  1.95
MA,6,3,0.515,  2.34
MA,7,1,0.423,  2.13
MA,7,2,0.577,  2.13
MA,8,1,0.066,  1.25
MA,8,2,0.934,  1.25
MA,9,1,0.157,  1.77
MA,9,2,0.843,  1.77
MA,10,1,0.052,  1.40
MA,10,2,0.092,  1.16
MA,10,3,0.167,  0.85
MA,10,4,0.259,  1.28
MA,10,5,0.215,  1.67
MA,10,6,0.074,  1.05
MA,10,7,0.140,  1.84
MA,11,1,0.086,  1.70
MA,11,2,0.914,  1.70
MA,12,1,0.198,  1.39
MA,12,2,0.802,  1.39
MA,13,1,0.714,  1.91
MA,13,2,0.254,  1.72
MA,13,3,0.097,  1.22
MA,13,4,0.021,  0.42
MA,13,5,0.043,  1.11
MA,13,6,0.097,  1.57
MA,13,7,0.118,  1.48
MA,13,8,0.056,  1.28
MA,13,9,0.026,  0.75
MA,13,10,0.190,  1.82
MA,14,1,0.652,  1.99
MA,14,2,0.124,  1.21
MA,14,3,0.053,  0.72
MA,14,4,0.016,  0.44
MA,14,5,0.293,  1.99
MA,15,1,0.032,  0.86
MA,15,2,0.162,  2.77
MA,15,3,0.252,  1.41
MA,15,4,0.427,  3.11
MA,15,5,0.065,  1.27
MA,15,6,0.062,  1.22
MD,1,1,0.496,  1.76
MD,1,2,0.354,  1.89
MD,1,3,0.121,  1.37
MD,1,4,0.022,  0.31
MD,2,1,0.079,  1.18
MD,2,2,0.656,  2.18
MD,2,3,0.265,  1.33
MD,3,1,0.168,  0.92
MD,3,2,0.113,  0.90
MD,3,3,0.104,  1.18
MD,3,4,0.156,  1.37
MD,3,5,0.186,  1.36
MD,3,6,0.063,  1.13
MD,3,7,0.039,  0.93
MD,3,8,0.020,  0.37
MD,3,9,0.018,  0.39
MD,3,10,0.132,  1.45
MD,4,1,0.360,  1.57
MD,4,2,0.640,  1.57
MD,5,1,0.060,  0.84
MD,5,2,0.194,  1.94
MD,5,3,0.746,  1.79
MD,6,1,0.064,  1.25
MD,6,2,0.415,  2.76
MD,6,3,0.521,  3.06
MD,7,1,0.468,  2.46
MD,7,2,0.532,  2.46
MD,8,1,0.065,  0.78
MD,8,2,0.935,  0.78
MD,9,1,0.140,  1.49
MD,9,2,0.860,  1.49
MD,10,1,0.081,  1.35
MD,10,2,0.107,  1.95
MD,10,3,0.181,  2.14
MD,10,4,0.293,  1.89
MD,10,5,0.182,  2.22
MD,10,6,0.038,  0.51
MD,10,7,0.118,  1.73
MD,11,1,0.132,  1.20
MD,11,2,0.868,  1.20
MD,12,1,0.224,  2.01
MD,12,2,0.776,  2.01
MD,13,1,0.742,  1.47
MD,13,2,0.242,  1.25
MD,13,3,0.121,  1.70
MD,13,4,0.035,  0.84
MD,13,5,0.175,  1.92
MD,13,6,0.093,  1.16
MD,13,7,0.093,  0.99
MD,13,8,0.040,  0.63
MD,13,9,0.034,  0.93
MD,13,10,0.184,  1.18
MD,14,1,0.658,  2.20
MD,14,2,0.126,  1.13
MD,14,3,0.044,  0.97
MD,14,4,0.030,  0.88
MD,14,5,0.305,  1.94
MD,15,1,0.021,  0.57
MD,15,2,0.195,  1.21
MD,15,3,0.213,  1.64
MD,15,4,0.388,  1.92
MD,15,5,0.086,  1.36
MD,15,6,0.098,  1.35
ME,1,1,0.402,  4.28
ME,1,2,0.457,  5.17
ME,1,3,0.083,  1.63
ME,2,1,0.134,  2.62
ME,2,2,0.531,  3.20
ME,2,3,0.336,  3.91
ME,3,1,0.179,  4.07
ME,3,2,0.136,  3.29
ME,3,3,0.130,  3.88
ME,3,4,0.160,  2.74
ME,3,5,0.143,  2.63
ME,3,6,0.076,  1.69
ME,3,10,0.144,  2.74
ME,4,1,0.341,  3.22
ME,4,2,0.659,  3.22
ME,5,1,0.076,  1.72
ME,5,2,0.102,  2.17
ME,5,3,0.822,  1.72
ME,6,1,0.134,  3.24
ME,6,2,0.283,  2.79
ME,6,3,0.583,  2.64
ME,7,1,0.422,  4.61
ME,7,2,0.578,  4.61
ME,8,1,0.056,  1.61
ME,8,2,0.944,  1.61
ME,9,1,0.177,  2.58
ME,9,2,0.823,  2.58
ME,10,1,0.056,  1.60
ME,10,2,0.124,  2.34
ME,10,3,0.207,  3.85
ME,10,4,0.265,  5.72
ME,10,5,0.175,  4.05
ME,10,7,0.114,  2.70
ME,11,1,0.064,  2.75
ME,11,2,0.936,  2.75
ME,12,1,0.127,  2.79
ME,12,2,0.873,  2.79
ME,13,1,0.802,  2.56
ME,13,2,0.258,  2.64
ME,13,6,0.104,  2.38
ME,13,7,0.089,  2.37
ME,13,10,0.158,  2.47
ME,14,1,0.731,  2.49
ME,14,2,0.142,  2.00
ME,14,5,0.255,  2.86
ME,15,2,0.198,  3.63
ME,15,3,0.204,  2.72
ME,15,4,0.425,  3.53
ME,15,6,0.107,  1.87
MI,1,1,0.584,  2.81
MI,1,2,0.364,  2.39
MI,1,3,0.028,  0.58
MI,1,4,0.014,  0.44
MI,2,1,0.107,  1.06
MI,2,2,0.686,  2.37
MI,2,3,0.207,  1.91
MI,3,1,0.248,  1.75
MI,3,2,0.104,  1.00
MI,3,3,0.089,  1.25
MI,3,4,0.149,  0.95
MI,3,5,0.155,  1.04
MI,3,6,0.076,  1.37
MI,3,7,0.027,  0.60
MI,3,8,0.015,  0.38
MI,3,9,0.010,  0.29
MI,3,10,0.127,  1.65
MI,4,1,0.466,  1.15
MI,4,2,0.534,  1.15
MI,5,1,0.127,  1.81
MI,5,2,0.268,  1.84
MI,5,3,0.604,  1.50
MI,6,1,0.133,  1.35
MI,6,2,0.450,  2.35
MI,6,3,0.417,  2.25
MI,7,1,0.488,  2.01
MI,7,2,0.512,  2.01
MI,8,1,0.061,  0.77
MI,8,2,0.939,  0.77
MI,9,1,0.179,  1.89
MI,9,2,0.821,  1.89
MI,10,1,0.085,  0.87
MI,10,2,0.110,  1.17
MI,10,3,0.180,  1.86
MI,10,4,0.261,  1.09
MI,10,5,0.148,  1.34
MI,10,6,0.059,  0.71
MI,10,7,0.157,  1.92
MI,11,1,0.117,  1.21
MI,11,2,0.883,  1.21
MI,12,1,0.237,  1.64
MI,12,2,0.763,  1.64
MI,13,1,0.746,  2.99
MI,13,2,0.268,  1.89
MI,13,3,0.123,  2.13
MI,13,4,0.028,  0.69
MI,13,5,0.090,  0.95
MI,13,6,0.098,  0.99
MI,13,7,0.154,  1.53
MI,13,8,0.046,  1.33
MI,13,9,0.042,  0.83
MI,13,10,0.164,  2.81
MI,14,1,0.689,  3.52
MI,14,2,0.152,  0.92
MI,14,3,0.060,  1.97
MI,14,4,0.033,  0.69
MI,14,5,0.256,  3.05
MI,15,1,0.061,  0.98
MI,15,2,0.204,  2.02
MI,15,3,0.264,  1.59
MI,15,4,0.359,  2.09
MI,15,5,0.075,  0.64
MI,15,6,0.037,  0.84
MN,1,1,0.431,  2.06
MN,1,2,0.430,  2.26
MN,1,3,0.110,  1.11
MN,1,4,0.021,  0.79
MN,2,1,0.108,  1.57
MN,2,2,0.598,  1.98
MN,2,3,0.294,  1.59
MN,3,1,0.164,  2.04
MN,3,2,0.134,  2.07
MN,3,3,0.106,  1.57
MN,3,4,0.159,  1.33
MN,3,5,0.173,  2.77
MN,3,6,0.090,  1.80
MN,3,7,0.021,  0.50
MN,3,8,0.026,  0.61
MN,3,9,0.019,  0.53
MN,3,10,0.108,  1.43
MN,4,1,0.286,  2.59
MN,4,2,0.714,  2.59
MN,5,1,0.073,  1.28
MN,5,2,0.154,  1.65
MN,5,3,0.774,  1.64
MN,6,1,0.099,  1.25
MN,6,2,0.331,  2.54
MN,6,3,0.570,  2.02
MN,7,1,0.431,  2.03
MN,7,2,0.569,  2.03
MN,8,1,0.082,  1.88
MN,8,2,0.918,  1.88
MN,9,1,0.173,  2.11
MN,9,2,0.827,  2.11
MN,10,1,0.066,  1.02
MN,10,2,0.109,  1.23
MN,10,3,0.204,  1.67
MN,10,4,0.257,  2.15
MN,10,5,0.206,  1.91
MN,10,6,0.041,  0.85
MN,10,7,0.116,  1.64
MN,11,1,0.080,  1.22
MN,11,2,0.920,  1.22
MN,12,1,0.144,  1.22
MN,12,2,0.856,  1.22
MN,13,1,0.755,  1.85
MN,13,2,0.279,  1.51
MN,13,3,0.102,  1.37
MN,13,5,0.058,  0.94
MN,13,6,0.102,  2.10
MN,13,7,0.108,  1.54
MN,13,8,0.034,  0.86
MN,13,9,0.026,  0.86
MN,13,10,0.173,  1.66
MN,14,1,0.712,  2.11
MN,14,2,0.157,  1.13
MN,14,3,0.058,  0.98
MN,14,4,0.018,  0.59
MN,14,5,0.238,  2.07
MN,15,1,0.022,  0.57
MN,15,2,0.191,  2.81
MN,15,3,0.231,  1.59
MN,15,4,0.401,  2.03
MN,15,5,0.056,  1.36
MN,15,6,0.100,  1.29
MO,1,1,0.402,  2.59
MO,1,2,0.445,  1.84
MO,1,3,0.125,  1.91
MO,1,4,0.018,  0.49
MO,2,1,0.133,  1.91
MO,2,2,0.570,  3.46
MO,2,3,0.297,  2.57
MO,3,1,0.152,  2.23
MO,3,2,0.128,  1.29
MO,3,3,0.104,  1.97
MO,3,4,0.177,  2.70
MO,3,5,0.178,  2.53
MO,3,6,0.056,  0.90
MO,3,7,0.037,  1.06
MO,3,8,0.034,  0.84
MO,3,10,0.125,  1.64
MO,4,1,0.252,  2.22
MO,4,2,0.748,  2.22
MO,5,1,0.093,  1.78
MO,5,2,0.116,  2.10
MO,5,3,0.791,  2.69
MO,6,1,0.116,  1.43
MO,6,2,0.308,  3.04
MO,6,3,0.576,  3.15
MO,7,1,0.430,  2.15
MO,7,2,0.570,  2.15
MO,8,1,0.025,  0.47
MO,8,2,0.975,  0.47
MO,9,1,0.134,  1.98
MO,9,2,0.866,  1.98
MO,10,1,0.066,  1.41
MO,10,2,0.154,  2.06
MO,10,3,0.203,  2.60
MO,10,4,0.266,  1.28
MO,10,5,0.186,  2.52
MO,10,6,0.022,  0.93
MO,10,7,0.102,  1.34
MO,11,1,0.072,  1.61
MO,11,2,0.928,  1.61
MO,12,1,0.173,  1.78
MO,12,2,0.827,  1.78
MO,13,1,0.763,  2.77
MO,13,2,0.208,  2.77
MO,13,3,0.084,  0.94
MO,13,4,0.022,  0.64
MO,13,6,0.062,  1.29
MO,13,7,0.092,  2.09
MO,13,8,0.023,  1.01
MO,13,9,0.020,  0.49
MO,13,10,0.171,  2.35
MO,14,1,0.715,  2.51
MO,14,2,0.122,  1.60
MO,14,3,0.049,  0.77
MO,14,5,0.242,  2.47
MO,15,1,0.077,  1.07
MO,15,2,0.231,  2.59
MO,15,3,0.279,  1.65
MO,15,4,0.274,  3.01
MO,15,5,0.057,  0.76
MO,15,6,0.083,  1.49
MS,1,1,0.402,  5.05
MS,1,2,0.425,  3.57
MS,1,3,0.116,  1.68
MS,2,1,0.136,  2.99
MS,2,2,0.590,  4.49
MS,2,3,0.274,  3.44
MS,3,1,0.150,  4.41
MS,3,2,0.158,  3.12
MS,3,3,0.094,  2.49
MS,3,4,0.152,  3.58
MS,3,5,0.144,  3.40
MS,3,6,0.071,  1.88
MS,3,10,0.150,  3.08
MS,4,1,0.228,  5.15
MS,4,2,0.772,  5.15
MS,5,1,0.102,  2.88
MS,5,2,0.146,  3.13
MS,5,3,0.752,  4.41
MS,6,1,0.117,  4.15
MS,6,2,0.337,  5.57
MS,6,3,0.546,  5.57
MS,7,1,0.493,  5.74
MS,7,2,0.507,  5.74
MS,8,2,0.953,  1.62
MS,9,1,0.121,  3.07
MS,9,2,0.879,  3.07
MS,10,1,0.103,  2.60
MS,10,2,0.099,  1.74
MS,10,3,0.200,  2.11
MS,10,4,0.239,  5.24
MS,10,5,0.144,  3.01
MS,10,7,0.158,  3.95
MS,11,1,0.134,  1.55
MS,11,2,0.866,  1.55
MS,12,1,0.174,  2.71
MS,12,2,0.826,  2.71
MS,13,1,0.803,  3.23
MS,13,2,0.266,  3.54
MS,13,3,0.122,  3.18
MS,13,6,0.113,  5.00
MS,13,7,0.099,  2.46
MS,13,10,0.112,  1.87
MS,14,1,0.781,  2.37
MS,14,2,0.134,  3.75
MS,14,5,0.167,  1.56
MS,15,1,0.068,  2.72
MS,15,2,0.302,  3.60
MS,15,3,0.259,  3.94
MS,15,4,0.239,  3.33
MS,15,6,0.083,  1.85
MT,1,1,0.432,  2.35
MT,1,2,0.393,  3.89
MT,1,3,0.139,  2.82
MT,2,1,0.222,  5.01
MT,2,2,0.461,  4.37
MT,2,3,0.317,  3.37
MT,3,1,0.164,  2.47
MT,3,2,0.106,  3.47
MT,3,3,0.122,  3.06
MT,3,4,0.193,  2.49
MT,3,5,0.152,  3.55
MT,3,10,0.173,  2.48
MT,4,1,0.198,  3.65
MT,4,2,0.802,  3.65
MT,5,1,0.090,  2.72
MT,5,2,0.108,  1.05
MT,5,3,0.802,  2.96
MT,6,1,0.118,  2.84
MT,6,2,0.321,  4.40
MT,6,3,0.561,  4.62
MT,7,1,0.409,  3.90
MT,7,2,0.591,  3.90
MT,8,1,0.076,  2.04
MT,8,2,0.924,  2.04
MT,9,1,0.118,  2.05
MT,9,2,0.882,  2.05
MT,10,1,0.123,  3.71
MT,10,2,0.087,  1.85
MT,10,3,0.197,  3.75
MT,10,4,0.234,  2.11
MT,10,5,0.195,  3.76
MT,10,7,0.106,  1.81
MT,11,1,0.107,  1.90
MT,11,2,0.893,  1.90
MT,12,1,0.165,  2.31
MT,12,2,0.835,  2.31
MT,13,1,0.627,  3.61
MT,13,2,0.237,  3.43
MT,13,3,0.058,  1.68
MT,13,5,0.130,  2.56
MT,13,6,0.070,  1.84
MT,13,7,0.080,  1.99
MT,13,10,0.250,  3.10
MT,14,1,0.581,  3.74
MT,14,2,0.150,  2.35
MT,14,5,0.356,  2.82
MT,15,1,0.069,  2.38
MT,15,2,0.216,  3.35
MT,15,3,0.186,  2.69
MT,15,4,0.326,  3.81
MT,15,6,0.152,  3.67
NC,1,1,0.439,  1.79
NC,1,2,0.442,  2.60
NC,1,3,0.092,  1.64
NC,1,4,0.018,  0.63
NC,2,1,0.117,  1.19
NC,2,2,0.628,  3.15
NC,2,3,0.255,  2.10
NC,3,1,0.192,  1.75
NC,3,2,0.133,  0.97
NC,3,3,0.111,  1.17
NC,3,4,0.169,  0.86
NC,3,5,0.137,  1.17
NC,3,6,0.076,  1.02
NC,3,7,0.024,  0.59
NC,3,8,0.019,  0.67
NC,3,9,0.017,  0.59
NC,3,10,0.122,  1.36
NC,4,1,0.313,  1.91
NC,4,2,0.687,  1.91
NC,5,1,0.080,  1.40
NC,5,2,0.169,  1.93
NC,5,3,0.751,  1.35
NC,6,1,0.118,  1.40
NC,6,2,0.380,  2.63
NC,6,3,0.502,  2.20
NC,7,1,0.457,  1.88
NC,7,2,0.543,  1.88
NC,8,1,0.085,  1.90
NC,8,2,0.915,  1.90
NC,9,1,0.145,  1.08
NC,9,2,0.855,  1.08
NC,10,1,0.070,  1.64
NC,10,2,0.148,  1.17
NC,10,3,0.166,  1.81
NC,10,4,0.301,  1.40
NC,10,5,0.179,  1.39
NC,10,6,0.025,  0.60
NC,10,7,0.111,  1.14
NC,11,1,0.102,  1.61
NC,11,2,0.898,  1.61
NC,12,1,0.227,  1.60
NC,12,2,0.773,  1.60
NC,13,1,0.743,  1.76
NC,13,2,0.282,  2.57
NC,13,3,0.090,  1.27
NC,13,4,0.014,  0.58
NC,13,5,0.030,  0.83
NC,13,6,0.096,  1.15
NC,13,7,0.110,  1.28
NC,13,8,0.037,  0.36
NC,13,9,0.026,  0.73
NC,13,10,0.178,  1.39
NC,14,1,0.651,  2.01
NC,14,2,0.174,  1.63
NC,14,3,0.055,  1.01
NC,14,4,0.015,  0.26
NC,14,5,0.284,  2.07
NC,15,1,0.053,  0.94
NC,15,2,0.188,  2.15
NC,15,3,0.261,  1.74
NC,15,4,0.353,  1.16
NC,15,5,0.066,  1.01
NC,15,6,0.078,  1.53
ND,1,1,0.435,  3.06
ND,1,2,0.466,  3.89
ND,2,1,0.136,  3.76
ND,2,2,0.604,  5.29
ND,2,3,0.260,  4.76
ND,3,2,0.137,  4.27
ND,3,3,0.120,  3.83
ND,3,4,0.239,  6.07
ND,3,5,0.174,  2.28
ND,3,10,0.178,  6.07
ND,4,1,0.196,  5.49
ND,4,2,0.804,  5.49
ND,5,3,0.818,  3.95
ND,6,1,0.094,  2.93
ND,6,2,0.341,  6.07
ND,6,3,0.565,  7.65
ND,7,1,0.413,  4.87
ND,7,2,0.587,  4.87
ND,8,2,0.956,  2.76
ND,9,1,0.163,  3.33
ND,9,2,0.837,  3.33
ND,10,1,0.157,  3.15
ND,10,2,0.111,  1.96
ND,10,3,0.218,  4.19
ND,10,4,0.282,  5.32
ND,10,5,0.140,  3.66
ND,11,2,0.926,  3.00
ND,12,1,0.168,  3.66
ND,12,2,0.832,  3.66
ND,13,1,0.743,  4.97
ND,13,2,0.265,  4.60
ND,13,10,0.135,  3.14
ND,14,1,0.723,  5.61
ND,14,2,0.140,  4.04
ND,14,5,0.254,  5.55
ND,15,2,0.144,  5.17
ND,15,3,0.251,  4.63
ND,15,4,0.415,  6.86
NE,1,1,0.341,  3.36
NE,1,2,0.510,  3.83
NE,1,3,0.126,  1.44
NE,2,1,0.060,  1.62
NE,2,2,0.651,  3.22
NE,2,3,0.289,  3.09
NE,3,1,0.102,  2.71
NE,3,2,0.102,  1.65
NE,3,3,0.142,  2.20
NE,3,4,0.190,  1.55
NE,3,5,0.182,  2.48
NE,3,6,0.064,  1.86
NE,3,10,0.156,  3.14
NE,4,1,0.224,  3.84
NE,4,2,0.776,  3.84
NE,5,2,0.145,  2.81
NE,5,3,0.814,  3.08
NE,6,1,0.063,  2.15
NE,6,2,0.355,  4.10
NE,6,3,0.582,  4.03
NE,7,1,0.410,  5.41
NE,7,2,0.590,  5.41
NE,8,2,0.970,  1.24
NE,9,1,0.177,  4.14
NE,9,2,0.823,  4.14
NE,10,2,0.104,  2.61
NE,10,3,0.278,  4.15
NE,10,4,0.230,  4.07
NE,10,5,0.164,  2.23
NE,10,7,0.143,  3.64
NE,11,1,0.051,  1.29
NE,11,2,0.949,  1.29
NE,12,1,0.094,  1.45
NE,12,2,0.906,  1.45
NE,13,1,0.740,  4.51
NE,13,2,0.237,  2.96
NE,13,3,0.107,  2.12
NE,13,7,0.074,  1.60
NE,13,10,0.201,  3.38
NE,14,1,0.686,  4.26
NE,14,2,0.120,  2.44
NE,14,3,0.085,  1.24
NE,14,5,0.257,  3.57
NE,15,2,0.215,  2.73
NE,15,3,0.263,  2.82
NE,15,4,0.347,  3.61
NE,15,6,0.093,  2.01
NH,1,1,0.475,  2.42
NH,1,2,0.418,  3.66
NH,1,3,0.092,  3.01
NH,2,1,0.101,  2.65
NH,2,2,0.680,  3.75
NH,2,3,0.218,  2.30
NH,3,1,0.261,  3.18
NH,3,2,0.079,  1.65
NH,3,3,0.067,  2.07
NH,3,4,0.145,  2.99
NH,3,5,0.148,  3.44
NH,3,6,0.090,  2.95
NH,3,10,0.145,  3.00
NH,4,1,0.388,  3.47
NH,4,2,0.612,  3.47
NH,5,1,0.105,  2.96
NH,5,2,0.167,  2.33
NH,5,3,0.728,  3.75
NH,6,1,0.083,  1.53
NH,6,2,0.314,  2.54
NH,6,3,0.602,  2.87
NH,7,1,0.433,  3.55
NH,7,2,0.567,  3.55
NH,8,2,0.957,  1.50
NH,9,1,0.157,  2.54
NH,9,2,0.843,  2.54
NH,10,1,0.071,  2.11
NH,10,2,0.103,  2.67
NH,10,3,0.169,  2.35
NH,10,4,0.298,  2.71
NH,10,5,0.250,  4.06
NH,10,7,0.062,  1.83
NH,11,1,0.133,  3.83
NH,11,2,0.867,  3.83
NH,12,1,0.205,  2.43
NH,12,2,0.795,  2.43
NH,13,1,0.829,  2.96
NH,13,2,0.362,  4.47
NH,13,3,0.063,  2.31
NH,13,6,0.112,  2.33
NH,13,7,0.115,  2.23
NH,13,10,0.128,  2.07
NH,14,1,0.794,  2.77
NH,14,2,0.227,  3.59
NH,14,3,0.052,  1.39
NH,14,5,0.179,  2.19
NH,15,2,0.147,  2.83
NH,15,3,0.293,  3.83
NH,15,4,0.356,  3.42
NH,15,5,0.097,  2.19
NH,15,6,0.058,  1.68
NJ,1,1,0.546,  2.94
NJ,1,2,0.359,  2.48
NJ,1,3,0.053,  0.72
NJ,1,4,0.031,  0.90
NJ,2,1,0.085,  0.77
NJ,2,2,0.662,  1.38
NJ,2,3,0.254,  1.27
NJ,3,1,0.210,  1.68
NJ,3,2,0.124,  1.09
NJ,3,3,0.088,  1.16
NJ,3,4,0.179,  1.59
NJ,3,5,0.143,  1.93
NJ,3,6,0.053,  0.80
NJ,3,7,0.022,  0.38
NJ,3,8,0.035,  1.07
NJ,3,9,0.015,  0.34
NJ,3,10,0.130,  1.58
NJ,4,1,0.410,  2.10
NJ,4,2,0.590,  2.10
NJ,5,1,0.087,  1.11
NJ,5,2,0.221,  1.77
NJ,5,3,0.692,  2.48
NJ,6,1,0.090,  1.58
NJ,6,2,0.367,  1.43
NJ,6,3,0.543,  2.26
NJ,7,1,0.421,  1.62
NJ,7,2,0.579,  1.62
NJ,8,1,0.063,  1.40
NJ,8,2,0.937,  1.40
NJ,9,1,0.139,  1.90
NJ,9,2,0.861,  1.90
NJ,10,1,0.073,  1.18
NJ,10,2,0.115,  2.42
NJ,10,3,0.191,  2.17
NJ,10,4,0.251,  1.92
NJ,10,5,0.168,  1.82
NJ,10,6,0.088,  1.70
NJ,10,7,0.114,  1.74
NJ,11,1,0.115,  1.24
NJ,11,2,0.885,  1.24
NJ,12,1,0.289,  1.45
NJ,12,2,0.711,  1.45
NJ,13,1,0.773,  2.20
NJ,13,2,0.315,  1.74
NJ,13,3,0.121,  1.19
NJ,13,4,0.019,  0.55
NJ,13,5,0.039,  0.74
NJ,13,6,0.073,  0.83
NJ,13,7,0.132,  1.18
NJ,13,8,0.051,  0.67
NJ,13,9,0.036,  0.79
NJ,13,10,0.130,  1.63
NJ,14,1,0.669,  2.69
NJ,14,2,0.169,  1.78
NJ,14,3,0.035,  1.30
NJ,14,5,0.292,  3.04
NJ,15,1,0.034,  0.80
NJ,15,2,0.202,  1.99
NJ,15,3,0.276,  2.08
NJ,15,4,0.364,  2.00
NJ,15,5,0.070,  1.22
NJ,15,6,0.055,  0.70
NM,1,1,0.461,  2.17
NM,1,2,0.358,  2.34
NM,1,3,0.134,  1.51
NM,2,1,0.109,  2.53
NM,2,2,0.673,  3.85
NM,2,3,0.218,  2.73
NM,3,1,0.172,  4.45
NM,3,2,0.102,  2.92
NM,3,3,0.131,  1.36
NM,3,4,0.199,  3.55
NM,3,5,0.177,  2.60
NM,3,6,0.063,  2.55
NM,3,10,0.079,  3.71
NM,4,1,0.369,  3.74
NM,4,2,0.631,  3.74
NM,5,2,0.175,  3.92
NM,5,3,0.773,  3.30
NM,6,1,0.088,  1.99
NM,6,2,0.365,  4.04
NM,6,3,0.548,  4.06
NM,7,1,0.402,  3.61
NM,7,2,0.598,  3.61
NM,8,1,0.054,  1.76
NM,8,2,0.946,  1.76
NM,9,1,0.183,  3.00
NM,9,2,0.817,  3.00
NM,10,2,0.124,  2.60
NM,10,3,0.169,  4.06
NM,10,4,0.339,  4.83
NM,10,5,0.188,  4.01
NM,10,7,0.104,  2.77
NM,11,1,0.072,  2.23
NM,11,2,0.928,  2.23
NM,12,1,0.196,  2.11
NM,12,2,0.804,  2.11
NM,13,1,0.678,  3.75
NM,13,2,0.267,  3.22
NM,13,3,0.112,  2.68
NM,13,7,0.121,  1.81
NM,13,8,0.067,  1.42
NM,13,10,0.229,  4.10
NM,14,1,0.618,  3.05
NM,14,2,0.172,  3.14
NM,14,3,0.082,  2.07
NM,14,5,0.287,  4.27
NM,15,2,0.125,  2.67
NM,15,3,0.258,  3.61
NM,15,4,0.307,  3.09
NM,15,5,0.105,  3.24
NM,15,6,0.143,  3.16
NV,1,1,0.487,  3.03
NV,1,2,0.403,  3.25
NV,1,3,0.084,  2.50
NV,2,1,0.107,  2.56
NV,2,2,0.606,  3.17
NV,2,3,0.286,  3.58
NV,3,1,0.227,  3.51
NV,3,2,0.080,  2.01
NV,3,3,0.106,  1.24
NV,3,4,0.158,  4.06
NV,3,5,0.156,  2.52
NV,3,6,0.076,  2.16
NV,3,10,0.113,  1.71
NV,4,1,0.319,  2.91
NV,4,2,0.681,  2.91
NV,5,1,0.067,  2.02
NV,5,2,0.196,  2.73
NV,5,3,0.737,  2.51
NV,6,1,0.073,  1.69
NV,6,2,0.374,  2.73
NV,6,3,0.553,  2.99
NV,7,1,0.407,  2.49
NV,7,2,0.593,  2.49
NV,8,1,0.052,  1.20
NV,8,2,0.948,  1.20
NV,9,1,0.100,  2.36
NV,9,2,0.900,  2.36
NV,10,1,0.070,  1.90
NV,10,2,0.079,  1.38
NV,10,3,0.197,  3.67
NV,10,4,0.281,  4.15
NV,10,5,0.194,  2.56
NV,10,6,0.060,  2.25
NV,10,7,0.120,  1.61
NV,11,1,0.110,  1.94
NV,11,2,0.890,  1.94
NV,12,1,0.224,  2.76
NV,12,2,0.776,  2.76
NV,13,1,0.745,  3.97
NV,13,2,0.326,  3.99
NV,13,3,0.115,  2.03
NV,13,6,0.071,  1.81
NV,13,7,0.135,  3.21
NV,13,8,0.044,  1.53
NV,13,10,0.214,  4.39
NV,14,1,0.634,  3.45
NV,14,2,0.162,  2.38
NV,14,3,0.041,  1.35
NV,14,5,0.337,  3.83
NV,15,1,0.046,  1.21
NV,15,2,0.171,  3.36
NV,15,3,0.243,  5.18
NV,15,4,0.395,  5.27
NV,15,5,0.061,  1.36
NV,15,6,0.083,  1.76
NY,1,1,0.587,  1.12
NY,1,2,0.318,  0.88
NY,1,3,0.066,  0.74
NY,1,4,0.014,  0.33
NY,1,5,0.014,  0.34
NY,2,1,0.068,  0.58
NY,2,2,0.721,  1.22
NY,2,3,0.211,  1.03
NY,3,1,0.293,  1.12
NY,3,2,0.101,  1.16
NY,3,3,0.091,  0.72
NY,3,4,0.130,  0.70
NY,3,5,0.130,  1.09
NY,3,6,0.075,  0.95
NY,3,7,0.030,  0.58
NY,3,8,0.027,  0.44
NY,3,9,0.015,  0.34
NY,3,10,0.110,  1.10
NY,4,1,0.514,  1.87
NY,4,2,0.486,  1.87
NY,5,1,0.053,  0.90
NY,5,2,0.253,  1.49
NY,5,3,0.694,  1.89
NY,6,1,0.075,  1.34
NY,6,2,0.412,  0.80
NY,6,3,0.512,  1.57
NY,7,1,0.477,  2.37
NY,7,2,0.523,  2.37
NY,8,1,0.068,  0.86
NY,8,2,0.932,  0.86
NY,9,1,0.150,  0.74
NY,9,2,0.850,  0.74
NY,10,1,0.072,  0.81
NY,10,2,0.109,  1.34
NY,10,3,0.170,  1.03
NY,10,4,0.249,  1.32
NY,10,5,0.170,  1.53
NY,10,6,0.094,  0.88
NY,10,7,0.135,  1.46
NY,11,1,0.125,  0.97
NY,11,2,0.875,  0.97
NY,12,1,0.314,  1.32
NY,12,2,0.686,  1.32
NY,13,1,0.774,  1.07
NY,13,2,0.324,  0.94
NY,13,3,0.124,  1.19
NY,13,4,0.023,  0.29
NY,13,5,0.033,  0.58
NY,13,6,0.069,  0.52
NY,13,7,0.115,  0.96
NY,13,8,0.055,  1.06
NY,13,9,0.040,  0.77
NY,13,10,0.153,  1.18
NY,14,1,0.682,  0.73
NY,14,2,0.189,  1.23
NY,14,3,0.054,  0.59
NY,14,4,0.016,  0.38
NY,14,5,0.256,  0.79
NY,15,1,0.030,  0.60
NY,15,2,0.175,  1.50
NY,15,3,0.255,  0.92
NY,15,4,0.401,  1.13
NY,15,5,0.097,  0.73
NY,15,6,0.042,  0.54
OH,1,1,0.434,  1.20
OH,1,2,0.438,  2.00
OH,1,3,0.100,  1.32
OH,1,4,0.021,  0.86
OH,2,1,0.138,  1.57
OH,2,2,0.576,  2.08
OH,2,3,0.286,  1.91
OH,3,1,0.136,  1.09
OH,3,2,0.103,  1.01
OH,3,3,0.101,  0.86
OH,3,4,0.188,  1.57
OH,3,5,0.163,  1.41
OH,3,6,0.093,  1.35
OH,3,7,0.033,  0.67
OH,3,8,0.029,  0.70
OH,3,9,0.020,  0.35
OH,3,10,0.134,  0.95
OH,4,1,0.258,  1.81
OH,4,2,0.742,  1.81
OH,5,1,0.114,  1.59
OH,5,2,0.166,  1.13
OH,5,3,0.721,  1.84
OH,6,1,0.127,  1.55
OH,6,2,0.336,  1.32
OH,6,3,0.536,  1.85
OH,7,1,0.386,  1.71
OH,7,2,0.614,  1.71
OH,8,1,0.061,  0.78
OH,8,2,0.939,  0.78
OH,9,1,0.137,  1.49
OH,9,2,0.863,  1.49
OH,10,1,0.060,  1.10
OH,10,2,0.113,  1.19
OH,10,3,0.191,  1.67
OH,10,4,0.289,  1.24
OH,10,5,0.187,  1.04
OH,10,6,0.035,  0.57
OH,10,7,0.124,  1.45
OH,11,1,0.091,  0.70
OH,11,2,0.909,  0.70
OH,12,1,0.185,  1.56
OH,12,2,0.815,  1.56
OH,13,1,0.777,  1.46
OH,13,2,0.216,  1.51
OH,13,3,0.085,  0.46
OH,13,4,0.025,  0.37
OH,13,5,0.029,  0.73
OH,13,6,0.071,  1.15
OH,13,7,0.106,  1.16
OH,13,8,0.023,  0.41
OH,13,9,0.037,  0.72
OH,13,10,0.166,  1.69
OH,14,1,0.706,  1.05
OH,14,2,0.117,  1.12
OH,14,3,0.062,  0.63
OH,14,4,0.019,  0.49
OH,14,5,0.245,  1.26
OH,15,1,0.033,  0.73
OH,15,2,0.182,  1.69
OH,15,3,0.279,  1.81
OH,15,4,0.380,  1.44
OH,15,5,0.045,  0.63
OH,15,6,0.081,  0.92
OK,1,1,0.402,  2.93
OK,1,2,0.441,  2.84
OK,1,3,0.118,  1.58
OK,1,4,0.034,  0.41
OK,2,1,0.166,  2.55
OK,2,2,0.539,  2.51
OK,2,3,0.295,  3.02
OK,3,1,0.110,  1.43
OK,3,2,0.128,  1.59
OK,3,3,0.114,  2.54
OK,3,4,0.211,  2.30
OK,3,5,0.174,  2.73
OK,3,6,0.081,  1.27
OK,3,10,0.124,  1.01
OK,4,1,0.238,  2.70
OK,4,2,0.762,  2.70
OK,5,1,0.094,  1.39
OK,5,2,0.094,  1.31
OK,5,3,0.812,  2.27
OK,6,1,0.092,  1.74
OK,6,2,0.299,  2.60
OK,6,3,0.609,  1.92
OK,7,1,0.337,  2.63
OK,7,2,0.663,  2.63
OK,8,1,0.060,  1.08
OK,8,2,0.940,  1.08
OK,9,1,0.120,  1.74
OK,9,2,0.880,  1.74
OK,10,1,0.062,  1.79
OK,10,2,0.147,  1.85
OK,10,3,0.180,  2.39
OK,10,4,0.266,  2.34
OK,10,5,0.196,  2.94
OK,10,6,0.030,  0.92
OK,10,7,0.121,  1.92
OK,11,1,0.056,  1.36
OK,11,2,0.944,  1.36
OK,12,1,0.112,  2.37
OK,12,2,0.888,  2.37
OK,13,1,0.742,  2.99
OK,13,2,0.221,  3.04
OK,13,3,0.071,  1.62
OK,13,6,0.071,  2.03
OK,13,7,0.091,  1.65
OK,13,10,0.168,  2.89
OK,14,1,0.710,  2.54
OK,14,2,0.110,  1.53
OK,14,3,0.036,  1.59
OK,14,5,0.257,  2.43
OK,15,1,0.033,  2.07
OK,15,2,0.253,  2.96
OK,15,3,0.302,  2.70
OK,15,4,0.274,  1.58
OK,15,5,0.057,  1.17
OK,15,6,0.081,  1.21
OR,1,1,0.414,  2.58
OR,1,2,0.459,  2.68
OR,1,3,0.098,  2.35
OR,1,4,0.026,  0.52
OR,2,1,0.108,  1.54
OR,2,2,0.646,  4.02
OR,2,3,0.246,  3.13
OR,3,1,0.150,  1.50
OR,3,2,0.135,  1.68
OR,3,3,0.110,  1.60
OR,3,4,0.166,  2.61
OR,3,5,0.166,  1.78
OR,3,6,0.078,  0.98
OR,3,7,0.025,  0.62
OR,3,8,0.020,  0.62
OR,3,10,0.140,  1.13
OR,4,1,0.302,  2.82
OR,4,2,0.698,  2.82
OR,5,1,0.074,  1.36
OR,5,2,0.169,  2.65
OR,5,3,0.757,  3.28
OR,6,1,0.100,  1.26
OR,6,2,0.380,  3.41
OR,6,3,0.521,  3.66
OR,7,1,0.385,  3.19
OR,7,2,0.615,  3.19
OR,8,1,0.069,  1.84
OR,8,2,0.931,  1.84
OR,9,1,0.143,  1.83
OR,9,2,0.857,  1.83
OR,10,1,0.095,  1.01
OR,10,2,0.107,  1.41
OR,10,3,0.180,  1.95
OR,10,4,0.287,  2.67
OR,10,5,0.197,  2.36
OR,10,6,0.024,  1.01
OR,10,7,0.111,  1.63
OR,11,1,0.088,  2.38
OR,11,2,0.912,  2.38
OR,12,1,0.197,  1.65
OR,12,2,0.803,  1.65
OR,13,1,0.724,  2.28
OR,13,2,0.299,  2.68
OR,13,3,0.087,  1.17
OR,13,4,0.022,  0.77
OR,13,5,0.060,  1.16
OR,13,6,0.085,  1.61
OR,13,7,0.148,  1.63
OR,13,8,0.057,  1.26
OR,13,9,0.048,  0.74
OR,13,10,0.194,  1.99
OR,14,1,0.634,  2.50
OR,14,2,0.186,  1.49
OR,14,3,0.038,  0.96
OR,14,4,0.024,  0.83
OR,14,5,0.315,  1.57
OR,15,2,0.203,  2.01
OR,15,3,0.256,  2.21
OR,15,4,0.352,  1.65
OR,15,5,0.075,  1.40
OR,15,6,0.094,  1.62
PA,1,1,0.510,  1.67
PA,1,2,0.404,  2.09
PA,1,3,0.063,  0.84
PA,1,4,0.017,  0.44
PA,2,1,0.101,  1.08
PA,2,2,0.643,  1.89
PA,2,3,0.256,  1.63
PA,3,1,0.212,  1.44
PA,3,2,0.117,  1.93
PA,3,3,0.094,  0.54
PA,3,4,0.172,  1.66
PA,3,5,0.153,  1.35
PA,3,6,0.067,  1.01
PA,3,7,0.022,  0.80
PA,3,8,0.022,  0.51
PA,3,9,0.017,  0.48
PA,3,10,0.125,  1.44
PA,4,1,0.430,  1.95
PA,4,2,0.570,  1.95
PA,5,1,0.104,  1.18
PA,5,2,0.228,  1.91
PA,5,3,0.668,  2.25
PA,6,1,0.115,  1.25
PA,6,2,0.395,  2.03
PA,6,3,0.490,  2.15
PA,7,1,0.453,  2.00
PA,7,2,0.547,  2.00
PA,8,1,0.068,  1.11
PA,8,2,0.932,  1.11
PA,9,1,0.144,  1.29
PA,9,2,0.856,  1.29
PA,10,1,0.080,  1.22
PA,10,2,0.103,  0.82
PA,10,3,0.188,  1.57
PA,10,4,0.256,  1.37
PA,10,5,0.169,  0.79
PA,10,6,0.065,  0.96
PA,10,7,0.139,  0.86
PA,11,1,0.105,  0.72
PA,11,2,0.895,  0.72
PA,12,1,0.238,  1.55
PA,12,2,0.762,  1.55
PA,13,1,0.757,  1.38
PA,13,2,0.288,  1.80
PA,13,3,0.099,  0.85
PA,13,4,0.026,  0.59
PA,13,5,0.057,  1.00
PA,13,6,0.076,  0.86
PA,13,7,0.120,  0.92
PA,13,8,0.045,  0.66
PA,13,9,0.029,  0.60
PA,13,10,0.148,  0.93
PA,14,1,0.682,  1.43
PA,14,2,0.165,  1.23
PA,14,3,0.057,  1.04
PA,14,4,0.025,  0.38
PA,14,5,0.256,  1.74
PA,15,1,0.060,  0.90
PA,15,2,0.222,  1.52
PA,15,3,0.270,  1.54
PA,15,4,0.320,  2.27
PA,15,5,0.077,  1.38
PA,15,6,0.052,  0.69
PR,1,1,0.601,  3.34
PR,1,2,0.357,  2.81
PR,2,1,0.060,  2.18
PR,2,2,0.826,  2.80
PR,2,3,0.114,  1.87
PR,3,1,0.367,  2.32
PR,3,2,0.144,  2.78
PR,3,3,0.110,  1.99
PR,3,4,0.123,  2.71
PR,3,5,0.070,  2.87
PR,3,10,0.078,  1.76
PR,4,1,0.674,  3.93
PR,4,2,0.326,  3.93
PR,5,2,0.377,  1.99
PR,5,3,0.599,  1.77
PR,6,2,0.648,  2.42
PR,6,3,0.308,  2.58
PR,7,1,0.605,  4.19
PR,7,2,0.395,  4.19
PR,8,1,0.115,  2.22
PR,8,2,0.885,  2.22
PR,9,1,0.170,  3.60
PR,9,2,0.830,  3.60
PR,10,1,0.069,  1.14
PR,10,2,0.154,  3.40
PR,10,3,0.134,  2.82
PR,10,4,0.281,  2.79
PR,10,5,0.109,  2.23
PR,10,6,0.149,  2.66
PR,10,7,0.103,  2.58
PR,11,1,0.236,  3.44
PR,11,2,0.764,  3.44
PR,12,1,0.457,  4.59
PR,12,2,0.543,  4.59
PR,13,1,0.706,  3.28
PR,13,2,0.237,  3.58
PR,13,3,0.141,  2.83
PR,13,5,0.210,  4.67
PR,13,6,0.075,  2.43
PR,13,7,0.107,  2.58
PR,13,8,0.092,  2.62
PR,13,10,0.160,  3.69
PR,14,1,0.632,  4.00
PR,14,2,0.093,  1.69
PR,14,3,0.073,  2.33
PR,14,5,0.256,  3.73
PR,15,2,0.201,  3.50
PR,15,3,0.288,  3.36
PR,15,4,0.398,  4.14
PR,15,5,0.071,  3.20
RI,1,1,0.493,  5.53
RI,1,2,0.279,  4.57
RI,1,3,0.132,  4.52
RI,2,1,0.112,  2.31
RI,2,2,0.631,  6.14
RI,2,3,0.257,  6.67
RI,3,1,0.315,  5.00
RI,3,2,0.081,  3.33
RI,3,3,0.099,  3.23
RI,3,4,0.114,  5.05
RI,3,5,0.146,  4.57
RI,3,6,0.085,  3.10
RI,3,10,0.083,  2.30
RI,4,1,0.428,  5.16
RI,4,2,0.572,  5.16
RI,5,1,0.145,  5.36
RI,5,2,0.270,  3.80
RI,5,3,0.585,  5.13
RI,6,1,0.170,  4.93
RI,6,2,0.404,  4.48
RI,6,3,0.426,  5.16
RI,7,1,0.413,  3.74
RI,7,2,0.587,  3.74
RI,8,2,0.925,  2.48
RI,9,1,0.179,  4.69
RI,9,2,0.821,  4.69
RI,10,3,0.227,  2.93
RI,10,4,0.246,  2.63
RI,10,5,0.207,  3.66
RI,10,7,0.119,  3.38
RI,11,2,0.896,  3.65
RI,12,1,0.168,  4.26
RI,12,2,0.832,  4.26
RI,13,1,0.672,  6.33
RI,13,2,0.256,  4.94
RI,13,3,0.119,  3.15
RI,13,7,0.113,  2.79
RI,13,10,0.231,  5.08
RI,14,1,0.592,  5.70
RI,14,2,0.169,  4.78
RI,14,5,0.356,  5.90
RI,15,2,0.167,  4.14
RI,15,3,0.251,  5.99
RI,15,4,0.337,  5.05
RI,15,5,0.115,  3.65
SC,1,1,0.320,  3.73
SC,1,2,0.475,  3.35
SC,1,3,0.166,  2.54
SC,2,1,0.141,  1.42
SC,2,2,0.532,  2.51
SC,2,3,0.327,  2.22
SC,3,1,0.112,  1.63
SC,3,2,0.100,  1.98
SC,3,3,0.108,  2.25
SC,3,4,0.192,  1.70
SC,3,5,0.194,  1.49
SC,3,6,0.072,  1.74
SC,3,7,0.047,  1.25
SC,3,8,0.034,  1.39
SC,3,10,0.127,  2.22
SC,4,1,0.214,  3.01
SC,4,2,0.786,  3.01
SC,5,1,0.077,  1.62
SC,5,2,0.161,  1.98
SC,5,3,0.762,  1.55
SC,6,1,0.098,  1.47
SC,6,2,0.298,  2.26
SC,6,3,0.604,  2.68
SC,7,1,0.386,  2.85
SC,7,2,0.614,  2.85
SC,8,1,0.081,  1.26
SC,8,2,0.919,  1.26
SC,9,1,0.119,  2.16
SC,9,2,0.881,  2.16
SC,10,1,0.068,  1.33
SC,10,2,0.126,  2.37
SC,10,3,0.185,  2.10
SC,10,4,0.256,  2.84
SC,10,5,0.176,  1.89
SC,10,6,0.038,  0.71
SC,10,7,0.151,  2.26
SC,11,1,0.065,  1.43
SC,11,2,0.935,  1.43
SC,12,1,0.147,  1.51
SC,12,2,0.853,  1.51
SC,13,1,0.743,  3.11
SC,13,2,0.228,  1.77
SC,13,3,0.093,  1.83
SC,13,6,0.066,  1.54
SC,13,7,0.077,  1.99
SC,13,10,0.175,  2.37
SC,14,1,0.633,  3.20
SC,14,2,0.121,  2.09
SC,14,3,0.061,  1.66
SC,14,5,0.309,  2.56
SC,15,1,0.057,  0.87
SC,15,2,0.262,  1.93
SC,15,3,0.309,  3.67
SC,15,4,0.222,  2.60
SC,15,5,0.029,  0.62
SC,15,6,0.121,  2.07
SD,1,1,0.387,  8.27
SD,1,2,0.429,  5.96
SD,1,3,0.175,  4.72
SD,2,1,0.119,  3.63
SD,2,2,0.543,  4.74
SD,2,3,0.339,  4.88
SD,3,1,0.165,  4.08
SD,3,2,0.166,  3.40
SD,3,3,0.164,  3.75
SD,3,4,0.106,  2.34
SD,3,5,0.123,  4.04
SD,3,10,0.159,  3.62
SD,4,1,0.184,  4.54
SD,4,2,0.816,  4.54
SD,5,2,0.106,  3.92
SD,5,3,0.823,  4.27
SD,6,1,0.125,  3.03
SD,6,2,0.285,  5.45
SD,6,3,0.590,  5.44
SD,7,1,0.366,  3.49
SD,7,2,0.634,  3.49
SD,8,2,0.940,  2.21
SD,9,2,0.926,  3.08
SD,10,1,0.116,  2.74
SD,10,2,0.185,  5.69
SD,10,3,0.192,  5.62
SD,10,4,0.169,  4.31
SD,10,5,0.214,  4.73
SD,10,7,0.097,  3.55
SD,11,2,0.945,  2.32
SD,12,2,0.943,  2.86
SD,13,1,0.665,  5.62
SD,13,2,0.270,  4.16
SD,13,10,0.210,  3.52
SD,14,1,0.665,  4.45
SD,14,2,0.153,  2.25
SD,14,5,0.291,  3.77
SD,15,2,0.208,  4.90
SD,15,3,0.213,  6.06
SD,15,4,0.339,  6.99
SD,15,6,0.107,  4.94
TN,1,1,0.375,  2.58
TN,1,2,0.472,  3.58
TN,1,3,0.121,  2.25
TN,1,4,0.026,  0.57
TN,2,1,0.154,  1.54
TN,2,2,0.545,  1.86
TN,2,3,0.301,  2.25
TN,3,1,0.117,  1.41
TN,3,2,0.111,  2.11
TN,3,3,0.086,  1.05
TN,3,4,0.175,  1.87
TN,3,5,0.194,  2.24
TN,3,6,0.079,  1.37
TN,3,7,0.032,  1.14
TN,3,8,0.031,  1.38
TN,3,9,0.021,  0.82
TN,3,10,0.156,  1.31
TN,4,1,0.219,  2.31
TN,4,2,0.781,  2.31
TN,5,1,0.093,  1.87
TN,5,2,0.126,  1.92
TN,5,3,0.782,  3.32
TN,6,1,0.137,  1.99
TN,6,2,0.291,  2.46
TN,6,3,0.572,  3.59
TN,7,1,0.432,  2.54
TN,7,2,0.568,  2.54
TN,8,1,0.062,  1.11
TN,8,2,0.938,  1.11
TN,9,1,0.140,  2.14
TN,9,2,0.860,  2.14
TN,10,1,0.080,  1.99
TN,10,2,0.141,  2.04
TN,10,3,0.170,  2.19
TN,10,4,0.261,  1.98
TN,10,5,0.176,  2.20
TN,10,7,0.160,  1.60
TN,11,1,0.094,  1.33
TN,11,2,0.906,  1.33
TN,12,1,0.144,  1.97
TN,12,2,0.856,  1.97
TN,13,1,0.795,  1.26
TN,13,2,0.268,  1.94
TN,13,3,0.081,  1.14
TN,13,6,0.091,  1.51
TN,13,7,0.126,  2.59
TN,13,8,0.046,  1.36
TN,13,9,0.025,  0.53
TN,13,10,0.140,  1.40
TN,14,1,0.720,  1.93
TN,14,2,0.146,  1.51
TN,14,3,0.046,  0.94
TN,14,5,0.245,  1.89
TN,15,1,0.040,  1.40
TN,15,2,0.194,  1.84
TN,15,3,0.301,  2.24
TN,15,4,0.314,  1.55
TN,15,5,0.046,  1.06
TN,15,6,0.105,  1.98
TX,1,1,0.461,  1.12
TX,1,2,0.420,  1.41
TX,1,3,0.093,  0.82
TX,1,4,0.016,  0.34
TX,1,5,0.010,  0.25
TX,2,1,0.148,  1.20
TX,2,2,0.609,  1.48
TX,2,3,0.244,  0.92
TX,3,1,0.130,  0.63
TX,3,2,0.098,  0.92
TX,3,3,0.090,  0.92
TX,3,4,0.186,  0.68
TX,3,5,0.183,  1.24
TX,3,6,0.094,  0.79
TX,3,7,0.039,  0.46
TX,3,8,0.030,  0.55
TX,3,9,0.014,  0.37
TX,3,10,0.134,  0.85
TX,4,1,0.274,  0.94
TX,4,2,0.726,  0.94
TX,5,1,0.080,  0.42
TX,5,2,0.145,  1.03
TX,5,3,0.775,  1.10
TX,6,1,0.119,  0.70
TX,6,2,0.334,  0.88
TX,6,3,0.547,  1.02
TX,7,1,0.385,  1.44
TX,7,2,0.615,  1.44
TX,8,1,0.072,  0.67
TX,8,2,0.928,  0.67
TX,9,1,0.138,  0.90
TX,9,2,0.862,  0.90
TX,10,1,0.066,  0.72
TX,10,2,0.121,  0.56
TX,10,3,0.195,  1.20
TX,10,4,0.268,  1.23
TX,10,5,0.193,  0.95
TX,10,6,0.035,  0.42
TX,10,7,0.122,  0.77
TX,11,1,0.116,  0.58
TX,11,2,0.884,  0.58
TX,12,1,0.184,  0.90
TX,12,2,0.816,  0.90
TX,13,1,0.771,  0.83
TX,13,2,0.283,  1.59
TX,13,3,0.107,  0.86
TX,13,4,0.022,  0.49
TX,13,5,0.022,  0.55
TX,13,6,0.085,  0.72
TX,13,7,0.106,  0.84
TX,13,8,0.035,  0.37
TX,13,9,0.028,  0.56
TX,13,10,0.184,  0.92
TX,14,1,0.693,  1.13
TX,14,2,0.147,  1.20
TX,14,3,0.054,  0.58
TX,14,4,0.027,  0.59
TX,14,5,0.262,  0.88
TX,15,1,0.031,  0.60
TX,15,2,0.187,  0.78
TX,15,3,0.286,  0.97
TX,15,4,0.346,  0.86
TX,15,5,0.057,  0.53
TX,15,6,0.093,  0.53
UT,1,1,0.264,  1.86
UT,1,2,0.538,  1.99
UT,1,3,0.168,  2.18
UT,1,4,0.028,  0.55
UT,2,1,0.158,  2.60
UT,2,2,0.482,  3.15
UT,2,3,0.360,  2.63
UT,3,1,0.126,  2.08
UT,3,2,0.136,  2.13
UT,3,3,0.108,  1.59
UT,3,4,0.210,  2.27
UT,3,5,0.159,  1.36
UT,3,6,0.063,  1.37
UT,3,8,0.036,  0.88
UT,3,10,0.122,  1.30
UT,4,1,0.177,  2.46
UT,4,2,0.823,  2.46
UT,5,1,0.090,  1.23
UT,5,2,0.106,  1.68
UT,5,3,0.804,  2.17
UT,6,1,0.110,  1.90
UT,6,2,0.272,  2.90
UT,6,3,0.617,  3.25
UT,7,1,0.358,  3.68
UT,7,2,0.642,  3.68
UT,8,1,0.077,  1.50
UT,8,2,0.923,  1.50
UT,9,1,0.074,  2.22
UT,9,2,0.926,  2.22
UT,10,1,0.072,  1.45
UT,10,2,0.101,  2.20
UT,10,3,0.205,  3.05
UT,10,4,0.290,  4.53
UT,10,5,0.198,  1.02
UT,10,7,0.100,  1.91
UT,11,1,0.058,  0.89
UT,11,2,0.942,  0.89
UT,12,1,0.109,  1.69
UT,12,2,0.891,  1.69
UT,13,1,0.714,  2.56
UT,13,2,0.227,  2.24
UT,13,3,0.073,  1.13
UT,13,5,0.056,  1.54
UT,13,6,0.027,  0.96
UT,13,7,0.116,  1.45
UT,13,10,0.225,  2.81
UT,14,1,0.642,  3.11
UT,14,2,0.109,  1.45
UT,14,3,0.044,  1.19
UT,14,5,0.326,  2.76
UT,15,1,0.022,  0.77
UT,15,2,0.208,  2.03
UT,15,3,0.275,  2.97
UT,15,4,0.271,  1.75
UT,15,5,0.068,  1.74
UT,15,6,0.156,  1.63
VA,1,1,0.422,  1.12
VA,1,2,0.434,  1.39
VA,1,3,0.126,  1.37
VA,2,1,0.089,  1.46
VA,2,2,0.606,  2.50
VA,2,3,0.305,  1.54
VA,3,1,0.131,  1.15
VA,3,2,0.119,  0.94
VA,3,3,0.099,  0.64
VA,3,4,0.176,  1.33
VA,3,5,0.165,  1.02
VA,3,6,0.084,  1.18
VA,3,7,0.033,  0.74
VA,3,8,0.039,  0.89
VA,3,9,0.019,  0.60
VA,3,10,0.134,  1.12
VA,4,1,0.279,  2.29
VA,4,2,0.721,  2.29
VA,5,1,0.057,  1.43
VA,5,2,0.167,  1.79
VA,5,3,0.776,  2.44
VA,6,1,0.078,  1.69
VA,6,2,0.350,  2.66
VA,6,3,0.572,  2.83
VA,7,1,0.378,  1.81
VA,7,2,0.622,  1.81
VA,8,1,0.059,  0.59
VA,8,2,0.941,  0.59
VA,9,1,0.120,  2.15
VA,9,2,0.880,  2.15
VA,10,1,0.086,  1.04
VA,10,2,0.122,  1.34
VA,10,3,0.193,  1.25
VA,10,4,0.262,  1.57
VA,10,5,0.198,  1.89
VA,10,6,0.038,  0.96
VA,10,7,0.101,  0.88
VA,11,1,0.097,  1.04
VA,11,2,0.903,  1.04
VA,12,1,0.200,  1.84
VA,12,2,0.800,  1.84
VA,13,1,0.726,  1.36
VA,13,2,0.274,  2.27
VA,13,3,0.084,  0.78
VA,13,4,0.014,  0.51
VA,13,5,0.053,  1.27
VA,13,6,0.100,  1.36
VA,13,7,0.092,  1.45
VA,13,8,0.047,  1.17
VA,13,9,0.022,  0.49
VA,13,10,0.207,  1.32
VA,14,1,0.632,  1.58
VA,14,2,0.156,  1.43
VA,14,3,0.052,  0.52
VA,14,4,0.023,  0.75
VA,14,5,0.312,  1.76
VA,15,1,0.032,  0.81
VA,15,2,0.176,  1.56
VA,15,3,0.298,  1.65
VA,15,4,0.331,  1.22
VA,15,5,0.052,  1.02
VA,15,6,0.110,  1.11
VT,1,1,0.405,  3.42
VT,1,2,0.485,  4.96
VT,1,3,0.064,  2.70
VT,2,1,0.179,  3.55
VT,2,2,0.518,  4.44
VT,2,3,0.303,  6.33
VT,3,1,0.187,  4.45
VT,3,2,0.162,  3.21
VT,3,3,0.167,  3.93
VT,3,4,0.161,  4.39
VT,3,5,0.152,  3.25
VT,3,10,0.095,  2.61
VT,4,1,0.296,  4.54
VT,4,2,0.704,  4.54
VT,5,1,0.138,  2.91
VT,5,2,0.090,  2.32
VT,5,3,0.773,  3.62
VT,6,1,0.167,  3.28
VT,6,2,0.221,  3.84
VT,6,3,0.612,  6.16
VT,7,1,0.346,  4.08
VT,7,2,0.654,  4.08
VT,8,2,0.942,  2.77
VT,9,1,0.214,  3.90
VT,9,2,0.786,  3.90
VT,10,2,0.182,  4.42
VT,10,3,0.183,  3.29
VT,10,4,0.267,  2.99
VT,10,5,0.180,  3.87
VT,10,7,0.084,  1.84
VT,11,2,0.933,  2.07
VT,12,1,0.142,  3.12
VT,12,2,0.858,  3.12
VT,13,1,0.677,  4.46
VT,13,2,0.255,  4.41
VT,13,3,0.095,  3.41
VT,13,6,0.097,  2.19
VT,13,7,0.193,  4.47
VT,13,10,0.182,  4.96
VT,14,1,0.638,  4.57
VT,14,2,0.135,  2.93
VT,14,5,0.307,  5.26
VT,15,2,0.173,  3.90
VT,15,3,0.206,  3.59
VT,15,4,0.386,  3.24
WA,1,1,0.435,  1.83
WA,1,2,0.468,  1.82
WA,1,3,0.067,  0.87
WA,1,4,0.022,  0.49
WA,2,1,0.112,  1.25
WA,2,2,0.620,  1.79
WA,2,3,0.268,  1.82
WA,3,1,0.204,  1.44
WA,3,2,0.132,  2.60
WA,3,3,0.076,  0.78
WA,3,4,0.148,  1.80
WA,3,5,0.160,  1.12
WA,3,6,0.080,  1.15
WA,3,7,0.017,  0.42
WA,3,8,0.033,  0.92
WA,3,9,0.019,  0.63
WA,3,10,0.130,  1.38
WA,4,1,0.387,  2.71
WA,4,2,0.613,  2.71
WA,5,1,0.099,  1.23
WA,5,2,0.189,  2.06
WA,5,3,0.712,  2.41
WA,6,1,0.117,  1.43
WA,6,2,0.369,  2.69
WA,6,3,0.514,  3.29
WA,7,1,0.414,  1.75
WA,7,2,0.586,  1.75
WA,8,1,0.057,  1.05
WA,8,2,0.943,  1.05
WA,9,1,0.113,  0.53
WA,9,2,0.887,  0.53
WA,10,1,0.068,  0.96
WA,10,2,0.086,  1.30
WA,10,3,0.178,  2.30
WA,10,4,0.330,  2.47
WA,10,5,0.185,  2.33
WA,10,6,0.042,  0.89
WA,10,7,0.111,  1.18
WA,11,1,0.087,  1.31
WA,11,2,0.913,  1.31
WA,12,1,0.210,  2.14
WA,12,2,0.790,  2.14
WA,13,1,0.735,  1.54
WA,13,2,0.311,  3.21
WA,13,3,0.092,  1.07
WA,13,4,0.026,  0.52
WA,13,5,0.085,  2.45
WA,13,6,0.075,  1.18
WA,13,7,0.106,  0.77
WA,13,8,0.031,  0.68
WA,13,9,0.053,  1.07
WA,13,10,0.185,  1.44
WA,14,1,0.646,  1.19
WA,14,2,0.184,  2.44
WA,14,3,0.033,  0.88
WA,14,4,0.024,  0.46
WA,14,5,0.303,  0.57
WA,15,1,0.049,  0.99
WA,15,2,0.231,  2.18
WA,15,3,0.237,  2.00
WA,15,4,0.361,  2.41
WA,15,5,0.050,  0.89
WA,15,6,0.072,  0.73
WI,1,1,0.393,  2.01
WI,1,2,0.453,  3.07
WI,1,3,0.116,  2.33
WI,1,4,0.026,  0.77
WI,2,1,0.100,  1.16
WI,2,2,0.629,  3.21
WI,2,3,0.271,  2.63
WI,3,1,0.168,  1.62
WI,3,2,0.111,  1.44
WI,3,3,0.084,  1.27
WI,3,4,0.183,  2.47
WI,3,5,0.168,  2.82
WI,3,6,0.078,  1.02
WI,3,7,0.039,  0.72
WI,3,8,0.015,  0.30
WI,3,9,0.021,  0.57
WI,3,10,0.134,  1.13
WI,4,1,0.341,  2.42
WI,4,2,0.659,  2.42
WI,5,1,0.078,  1.46
WI,5,2,0.169,  1.64
WI,5,3,0.753,  1.60
WI,6,1,0.117,  1.76
WI,6,2,0.343,  2.62
WI,6,3,0.540,  2.77
WI,7,1,0.389,  1.41
WI,7,2,0.611,  1.41
WI,8,1,0.066,  1.39
WI,8,2,0.934,  1.39
WI,9,1,0.177,  3.02
WI,9,2,0.823,  3.02
WI,10,1,0.097,  1.31
WI,10,2,0.126,  1.82
WI,10,3,0.182,  2.00
WI,10,4,0.245,  2.28
WI,10,5,0.176,  1.46
WI,10,6,0.037,  1.74
WI,10,7,0.136,  1.91
WI,11,1,0.083,  0.86
WI,11,2,0.917,  0.86
WI,12,1,0.163,  2.07
WI,12,2,0.837,  2.07
WI,13,1,0.733,  2.45
WI,13,2,0.238,  2.34
WI,13,3,0.094,  1.50
WI,13,4,0.031,  0.63
WI,13,5,0.032,  0.76
WI,13,6,0.101,  1.50
WI,13,7,0.117,  1.93
WI,13,8,0.046,  0.85
WI,13,9,0.033,  1.05
WI,13,10,0.182,  2.54
WI,14,1,0.691,  2.21
WI,14,2,0.115,  0.99
WI,14,3,0.063,  1.64
WI,14,4,0.030,  0.73
WI,14,5,0.263,  1.92
WI,15,1,0.048,  1.11
WI,15,2,0.185,  3.31
WI,15,3,0.234,  2.24
WI,15,4,0.382,  3.01
WI,15,5,0.064,  1.15
WI,15,6,0.087,  1.85
WV,1,1,0.415,  5.95
WV,1,2,0.431,  5.58
WV,1,3,0.136,  5.11
WV,2,2,0.596,  8.54
WV,2,3,0.261,  5.39
WV,3,2,0.166,  4.21
WV,3,4,0.183,  4.38
WV,3,5,0.234,  5.48
WV,4,1,0.219,  4.85
WV,4,2,0.781,  4.85
WV,5,2,0.193,  4.62
WV,5,3,0.671,  4.11
WV,6,2,0.352,  5.84
WV,6,3,0.544,  6.70
WV,7,1,0.539,  6.36
WV,7,2,0.461,  6.36
WV,8,2,0.884,  4.18
WV,9,1,0.194,  4.52
WV,9,2,0.806,  4.52
WV,10,2,0.174,  4.26
WV,10,3,0.182,  5.16
WV,10,4,0.234,  4.55
WV,10,7,0.179,  3.46
WV,11,2,0.922,  4.23
WV,12,1,0.156,  5.30
WV,12,2,0.844,  5.30
WV,13,1,0.803,  3.91
WV,13,2,0.349,  5.95
WV,13,10,0.161,  3.07
WV,14,1,0.775,  3.75
WV,14,2,0.186,  5.93
WV,14,5,0.198,  4.03
WV,15,2,0.260,  6.12
WV,15,3,0.199,  6.10
WV,15,4,0.296,  6.23
WY,1,1,0.366,  5.07
WY,1,2,0.456,  4.49
WY,1,3,0.167,  5.01
WY,2,2,0.544,  5.99
WY,2,3,0.388,  6.02
WY,3,1,0.243,  5.54
WY,3,2,0.124,  4.93
WY,3,4,0.161,  5.33
WY,3,6,0.126,  5.40
WY,3,10,0.123,  4.30
WY,4,1,0.181,  2.50
WY,4,2,0.819,  2.50
WY,5,3,0.870,  3.59
WY,6,1,0.137,  5.01
WY,6,2,0.312,  7.05
WY,6,3,0.551,  7.89
WY,7,1,0.417,  6.21
WY,7,2,0.583,  6.21
WY,8,2,0.957,  1.55
WY,9,2,0.929,  2.87
WY,10,3,0.217,  3.95
WY,10,4,0.163,  4.12
WY,10,5,0.201,  4.10
WY,10,7,0.157,  3.75
WY,11,2,0.941,  2.94
WY,12,1,0.116,  2.34
WY,12,2,0.884,  2.34
WY,13,1,0.679,  3.51
WY,13,10,0.251,  3.99
WY,14,1,0.621,  4.95
WY,14,5,0.279,  5.74
WY,15,2,0.154,  2.95
WY,15,3,0.197,  4.53
WY,15,4,0.337,  5.70
WY,15,6,0.165,  5.08